subjid,acc,g,d,rt_mu,ice,profile
47,0.0,0.01,0.5,4,50,low
55,0.0625,0.01,0.5,6,0,low
15,0.0625,0.01,0.1,6,0,low
240,0.0625,0.03,0.5,3,0,low
175,0.0625,0.02,0.7,6,0,low
12,0.0625,0.01,0.1,5,50,low
2,0.0625,0.01,0.1,3,50,low
100,0.0625,0.02,0.1,3,0,low
20,0.0625,0.01,0.3,3,0,low
165,0.125,0.02,0.7,4,0,low
58,0.125,0.01,0.5,6,75,low
195,0.125,0.02,0.9,6,0,low
76,0.125,0.01,0.7,6,25,low
370,0.125,0.04,0.7,5,0,low
280,0.125,0.03,0.9,3,0,low
1,0.125,0.01,0.1,3,25,low
82,0.125,0.01,0.9,3,50,low
6,0.125,0.01,0.1,4,25,low
40,0.125,0.01,0.5,3,0,low
166,0.125,0.02,0.7,4,25,low
45,0.125,0.01,0.5,4,0,low
34,0.125,0.01,0.3,5,100,low
43,0.125,0.01,0.5,3,75,low
75,0.125,0.01,0.7,6,0,low
26,0.125,0.01,0.3,4,25,low
155,0.1875,0.02,0.5,6,0,low
63,0.1875,0.01,0.7,3,75,low
231,0.1875,0.03,0.3,5,25,low
290,0.1875,0.03,0.9,5,0,low
110,0.1875,0.02,0.1,5,0,low
260,0.1875,0.03,0.7,3,0,low
312,0.1875,0.04,0.1,5,50,low
160,0.1875,0.02,0.7,3,0,low
99,0.1875,0.01,0.9,6,100,low
7,0.1875,0.01,0.1,4,50,low
10,0.1875,0.01,0.1,5,0,low
11,0.1875,0.01,0.1,5,25,low
190,0.1875,0.02,0.9,5,0,low
182,0.1875,0.02,0.9,3,50,low
36,0.1875,0.01,0.3,6,25,low
196,0.1875,0.02,0.9,6,25,low
48,0.1875,0.01,0.5,4,75,low
95,0.1875,0.01,0.9,6,0,low
5,0.1875,0.01,0.1,4,0,low
83,0.1875,0.01,0.9,3,75,low
85,0.1875,0.01,0.9,4,0,low
70,0.1875,0.01,0.7,5,0,low
74,0.1875,0.01,0.7,5,100,low
25,0.1875,0.01,0.3,4,0,low
161,0.25,0.02,0.7,3,25,low
104,0.25,0.02,0.1,3,100,low
300,0.25,0.04,0.1,3,0,low
390,0.25,0.04,0.9,5,0,low
50,0.25,0.01,0.5,5,0,low
540,0.25,0.06,0.5,3,0,low
306,0.25,0.04,0.1,4,25,low
117,0.25,0.02,0.1,6,50,low
632,0.25,0.07,0.3,5,50,low
54,0.25,0.01,0.5,5,100,low
0,0.25,0.01,0.1,3,0,low
65,0.25,0.01,0.7,4,0,low
385,0.25,0.04,0.9,4,0,low
208,0.25,0.03,0.1,4,75,low
807,0.25,0.09,0.1,4,50,low
96,0.25,0.01,0.9,6,25,low
80,0.25,0.01,0.9,3,0,low
189,0.25,0.02,0.9,4,100,low
88,0.25,0.01,0.9,4,75,low
86,0.25,0.01,0.9,4,25,low
87,0.25,0.01,0.9,4,50,low
42,0.25,0.01,0.5,3,50,low
49,0.25,0.01,0.5,4,100,low
170,0.25,0.02,0.7,5,0,low
185,0.25,0.02,0.9,4,0,low
37,0.25,0.01,0.3,6,50,low
206,0.25,0.03,0.1,4,25,low
22,0.25,0.01,0.3,3,50,low
91,0.25,0.01,0.9,5,25,low
199,0.25,0.02,0.9,6,100,low
930,0.25,0.1,0.3,5,0,low
18,0.25,0.01,0.1,6,75,low
27,0.25,0.01,0.3,4,50,low
29,0.25,0.01,0.3,4,100,low
24,0.25,0.01,0.3,3,100,low
30,0.25,0.01,0.3,5,0,low
32,0.25,0.01,0.3,5,50,low
708,0.3125,0.08,0.1,4,75,low
606,0.3125,0.07,0.1,4,25,low
298,0.3125,0.03,0.9,6,75,low
344,0.3125,0.04,0.5,3,100,low
301,0.3125,0.04,0.1,3,25,low
118,0.3125,0.02,0.1,6,75,low
427,0.3125,0.05,0.3,4,50,low
421,0.3125,0.05,0.3,3,25,low
464,0.3125,0.05,0.7,3,100,low
147,0.3125,0.02,0.5,4,50,low
338,0.3125,0.04,0.3,6,75,low
319,0.3125,0.04,0.1,6,100,low
342,0.3125,0.04,0.5,3,50,low
431,0.3125,0.05,0.3,5,25,low
270,0.3125,0.03,0.7,5,0,low
227,0.3125,0.03,0.3,4,50,low
252,0.3125,0.03,0.5,5,50,low
376,0.3125,0.04,0.7,6,25,low
153,0.3125,0.02,0.5,5,75,low
150,0.3125,0.02,0.5,5,0,low
284,0.3125,0.03,0.9,3,100,low
125,0.3125,0.02,0.3,4,0,low
141,0.3125,0.02,0.5,3,25,low
520,0.3125,0.06,0.3,3,0,low
145,0.3125,0.02,0.5,4,0,low
197,0.3125,0.02,0.9,6,50,low
35,0.3125,0.01,0.3,6,0,low
191,0.3125,0.02,0.9,5,25,low
728,0.3125,0.08,0.3,4,75,low
731,0.3125,0.08,0.3,5,25,low
169,0.3125,0.02,0.7,4,100,low
200,0.3125,0.03,0.1,3,0,low
635,0.3125,0.07,0.3,6,0,low
580,0.3125,0.06,0.9,3,0,low
106,0.3125,0.02,0.1,4,25,low
105,0.3125,0.02,0.1,4,0,low
52,0.3125,0.01,0.5,5,50,low
56,0.3125,0.01,0.5,6,25,low
64,0.3125,0.01,0.7,3,100,low
66,0.3125,0.01,0.7,4,25,low
69,0.3125,0.01,0.7,4,100,low
79,0.3125,0.01,0.7,6,100,low
14,0.3125,0.01,0.1,5,100,low
8,0.3125,0.01,0.1,4,75,low
101,0.3125,0.02,0.1,3,25,low
81,0.3125,0.01,0.9,3,25,low
90,0.3125,0.01,0.9,5,0,low
94,0.3125,0.01,0.9,5,100,low
485,0.3125,0.05,0.9,4,0,low
495,0.3125,0.05,0.9,6,0,low
159,0.3125,0.02,0.5,6,100,low
506,0.3125,0.06,0.1,4,25,low
16,0.3125,0.01,0.1,6,25,low
21,0.3125,0.01,0.3,3,25,low
23,0.3125,0.01,0.3,3,75,low
4,0.375,0.01,0.1,3,100,low
102,0.375,0.02,0.1,3,50,low
38,0.375,0.01,0.3,6,75,low
186,0.375,0.02,0.9,4,25,low
3,0.375,0.01,0.1,3,75,low
44,0.375,0.01,0.5,3,100,low
89,0.375,0.01,0.9,4,100,low
84,0.375,0.01,0.9,3,100,low
181,0.375,0.02,0.9,3,25,low
162,0.375,0.02,0.7,3,50,low
205,0.375,0.03,0.1,4,0,low
723,0.375,0.08,0.3,3,75,low
220,0.375,0.03,0.3,3,0,low
504,0.375,0.06,0.1,3,100,low
217,0.375,0.03,0.1,6,50,low
210,0.375,0.03,0.1,5,0,low
511,0.375,0.06,0.1,5,25,low
202,0.375,0.03,0.1,3,50,low
237,0.375,0.03,0.3,6,50,low
405,0.375,0.05,0.1,4,0,low
915,0.375,0.1,0.1,6,0,low
232,0.375,0.03,0.3,5,50,low
480,0.375,0.05,0.9,3,0,low
192,0.375,0.02,0.9,5,50,low
919,0.375,0.1,0.1,6,100,low
927,0.375,0.1,0.3,4,50,low
824,0.375,0.09,0.3,3,100,low
816,0.375,0.09,0.1,6,25,low
226,0.375,0.03,0.3,4,25,low
448,0.375,0.05,0.5,4,75,low
445,0.375,0.05,0.5,4,0,low
442,0.375,0.05,0.5,3,50,low
243,0.375,0.03,0.5,3,75,low
248,0.375,0.03,0.5,4,75,low
255,0.375,0.03,0.5,6,0,low
810,0.375,0.09,0.1,5,0,low
547,0.375,0.06,0.5,4,50,low
152,0.375,0.02,0.5,5,50,low
136,0.375,0.02,0.3,6,25,low
254,0.375,0.03,0.5,5,100,low
121,0.375,0.02,0.3,3,25,low
127,0.375,0.02,0.3,4,50,low
371,0.375,0.04,0.7,5,25,low
131,0.375,0.02,0.3,5,25,low
140,0.375,0.02,0.5,3,0,low
734,0.375,0.08,0.3,5,100,low
139,0.375,0.02,0.3,6,100,low
307,0.375,0.04,0.1,4,50,low
272,0.375,0.03,0.7,5,50,low
432,0.375,0.05,0.3,5,50,low
265,0.375,0.03,0.7,4,0,low
375,0.375,0.04,0.7,6,0,low
377,0.375,0.04,0.7,6,50,low
381,0.375,0.04,0.9,3,25,low
51,0.375,0.01,0.5,5,25,low
62,0.375,0.01,0.7,3,50,low
333,0.375,0.04,0.3,5,75,low
318,0.375,0.04,0.1,6,75,low
77,0.375,0.01,0.7,6,50,low
282,0.375,0.03,0.9,3,50,low
303,0.375,0.04,0.1,3,75,low
355,0.375,0.04,0.5,6,0,low
315,0.375,0.04,0.1,6,0,low
313,0.375,0.04,0.1,5,75,low
607,0.375,0.07,0.1,4,50,low
78,0.375,0.01,0.7,6,75,low
903,0.375,0.1,0.1,3,75,low
73,0.375,0.01,0.7,5,75,low
60,0.375,0.01,0.7,3,0,low
57,0.375,0.01,0.5,6,50,low
103,0.375,0.02,0.1,3,75,low
604,0.375,0.07,0.1,3,100,low
605,0.375,0.07,0.1,4,0,low
612,0.375,0.07,0.1,5,50,low
707,0.375,0.08,0.1,4,50,low
114,0.375,0.02,0.1,5,100,low
194,0.4375,0.02,0.9,5,100,low
233,0.4375,0.03,0.3,5,75,low
402,0.4375,0.05,0.1,3,50,low
236,0.4375,0.03,0.3,6,25,low
420,0.4375,0.05,0.3,3,0,low
418,0.4375,0.05,0.1,6,75,low
417,0.4375,0.05,0.1,6,50,low
414,0.4375,0.05,0.1,5,100,low
410,0.4375,0.05,0.1,5,0,low
408,0.4375,0.05,0.1,4,75,low
749,0.4375,0.08,0.5,4,100,low
519,0.4375,0.06,0.1,6,100,low
727,0.4375,0.08,0.3,4,50,low
721,0.4375,0.08,0.3,3,25,low
717,0.4375,0.08,0.1,6,50,low
172,0.4375,0.02,0.7,5,50,low
821,0.4375,0.09,0.3,3,25,low
396,0.4375,0.04,0.9,6,25,low
225,0.4375,0.03,0.3,4,0,low
453,0.4375,0.05,0.5,5,75,low
380,0.4375,0.04,0.9,3,0,low
379,0.4375,0.04,0.7,6,100,low
815,0.4375,0.09,0.1,6,0,low
814,0.4375,0.09,0.1,5,100,low
277,0.4375,0.03,0.7,6,50,low
387,0.4375,0.04,0.9,4,50,low
808,0.4375,0.09,0.1,4,75,low
812,0.4375,0.09,0.1,5,50,low
831,0.4375,0.09,0.3,5,25,low
275,0.4375,0.03,0.7,6,0,low
910,0.4375,0.1,0.1,5,0,low
423,0.4375,0.05,0.3,3,75,low
499,0.4375,0.05,0.9,6,100,low
489,0.4375,0.05,0.9,4,100,low
920,0.4375,0.1,0.3,3,0,low
801,0.4375,0.09,0.1,3,25,low
219,0.4375,0.03,0.1,6,100,low
216,0.4375,0.03,0.1,6,25,low
31,0.4375,0.01,0.3,5,25,low
33,0.4375,0.01,0.3,5,75,low
775,0.4375,0.08,0.7,6,0,low
517,0.4375,0.06,0.1,6,50,low
179,0.4375,0.02,0.7,6,100,low
180,0.4375,0.02,0.9,3,0,low
168,0.4375,0.02,0.7,4,75,low
516,0.4375,0.06,0.1,6,25,low
184,0.4375,0.02,0.9,3,100,low
46,0.4375,0.01,0.5,4,25,low
645,0.4375,0.07,0.5,4,0,low
646,0.4375,0.07,0.5,4,25,low
19,0.4375,0.01,0.1,6,100,low
9,0.4375,0.01,0.1,4,100,low
373,0.4375,0.04,0.7,5,75,low
126,0.4375,0.02,0.3,4,25,low
122,0.4375,0.02,0.3,3,50,low
120,0.4375,0.02,0.3,3,0,low
134,0.4375,0.02,0.3,5,100,low
135,0.4375,0.02,0.3,6,0,low
119,0.4375,0.02,0.1,6,100,low
241,0.4375,0.03,0.5,3,25,low
151,0.4375,0.02,0.5,5,25,low
739,0.4375,0.08,0.3,6,100,low
524,0.4375,0.06,0.3,3,100,low
525,0.4375,0.06,0.3,4,0,low
531,0.4375,0.06,0.3,5,25,low
532,0.4375,0.06,0.3,5,50,low
538,0.4375,0.06,0.3,6,75,low
132,0.4375,0.02,0.3,5,50,low
247,0.4375,0.03,0.5,4,50,low
440,0.4375,0.05,0.5,3,0,low
230,0.4375,0.03,0.3,5,0,low
434,0.4375,0.05,0.3,5,100,low
460,0.4375,0.05,0.7,3,0,low
394,0.4375,0.04,0.9,5,100,low
349,0.4375,0.04,0.5,4,100,low
360,0.4375,0.04,0.7,3,0,low
310,0.4375,0.04,0.1,5,0,low
348,0.4375,0.04,0.5,4,75,low
345,0.4375,0.04,0.5,4,0,low
305,0.4375,0.04,0.1,4,0,low
364,0.4375,0.04,0.7,3,100,low
365,0.4375,0.04,0.7,4,0,low
870,0.4375,0.09,0.7,5,0,low
859,0.4375,0.09,0.5,6,100,low
334,0.4375,0.04,0.3,5,100,low
325,0.4375,0.04,0.3,4,0,low
59,0.4375,0.01,0.5,6,100,low
297,0.4375,0.03,0.9,6,50,low
293,0.4375,0.03,0.9,5,75,low
72,0.4375,0.01,0.7,5,50,low
352,0.4375,0.04,0.5,5,50,low
111,0.4375,0.02,0.1,5,25,low
701,0.4375,0.08,0.1,3,25,low
700,0.4375,0.08,0.1,3,0,low
115,0.4375,0.02,0.1,6,0,low
709,0.4375,0.08,0.1,4,100,low
651,0.4375,0.07,0.5,5,25,low
616,0.4375,0.07,0.1,6,25,low
617,0.4375,0.07,0.1,6,50,low
608,0.4375,0.07,0.1,4,75,low
563,0.4375,0.06,0.7,3,75,low
939,0.4375,0.1,0.3,6,100,low
107,0.4375,0.02,0.1,4,50,low
108,0.4375,0.02,0.1,4,75,low
610,0.4375,0.07,0.1,5,0,low
624,0.5,0.07,0.3,3,100,low
28,0.5,0.01,0.3,4,75,low
653,0.5,0.07,0.5,5,75,low
39,0.5,0.01,0.3,6,100,low
41,0.5,0.01,0.5,3,25,low
662,0.5,0.07,0.7,3,50,low
938,0.5,0.1,0.3,6,75,low
317,0.5,0.04,0.1,6,50,low
320,0.5,0.04,0.3,3,0,low
321,0.5,0.04,0.3,3,25,low
324,0.5,0.04,0.3,3,100,mid
336,0.5,0.04,0.3,6,25,mid
337,0.5,0.04,0.3,6,50,mid
339,0.5,0.04,0.3,6,100,mid
328,0.5,0.04,0.3,4,75,mid
329,0.5,0.04,0.3,4,100,mid
643,0.5,0.07,0.5,3,75,mid
67,0.5,0.01,0.7,4,50,mid
71,0.5,0.01,0.7,5,25,mid
61,0.5,0.01,0.7,3,25,mid
53,0.5,0.01,0.5,5,75,mid
234,0.5,0.03,0.3,5,100,mid
238,0.5,0.03,0.3,6,75,mid
422,0.5,0.05,0.3,3,50,mid
425,0.5,0.05,0.3,4,0,mid
142,0.5,0.02,0.5,3,50,mid
128,0.5,0.02,0.3,4,75,mid
130,0.5,0.02,0.3,5,0,mid
133,0.5,0.02,0.3,5,75,mid
529,0.5,0.06,0.3,4,100,mid
735,0.5,0.08,0.3,6,0,mid
736,0.5,0.08,0.3,6,25,mid
743,0.5,0.08,0.5,3,75,mid
533,0.5,0.06,0.3,5,75,mid
541,0.5,0.06,0.5,3,25,mid
542,0.5,0.06,0.5,3,50,mid
522,0.5,0.06,0.3,3,50,mid
523,0.5,0.06,0.3,3,75,mid
291,0.5,0.03,0.9,5,25,mid
292,0.5,0.03,0.9,5,50,mid
818,0.5,0.09,0.1,6,75,mid
819,0.5,0.09,0.1,6,100,mid
825,0.5,0.09,0.3,4,0,mid
411,0.5,0.05,0.1,5,25,mid
249,0.5,0.03,0.5,4,100,mid
257,0.5,0.03,0.5,6,50,mid
239,0.5,0.03,0.3,6,100,mid
245,0.5,0.03,0.5,4,0,mid
246,0.5,0.03,0.5,4,25,mid
374,0.5,0.04,0.7,5,100,mid
264,0.5,0.03,0.7,3,100,mid
267,0.5,0.03,0.7,4,50,mid
268,0.5,0.03,0.7,4,75,mid
837,0.5,0.09,0.3,6,50,mid
389,0.5,0.04,0.9,4,100,mid
455,0.5,0.05,0.5,6,0,mid
457,0.5,0.05,0.5,6,50,mid
441,0.5,0.05,0.5,3,25,mid
446,0.5,0.05,0.5,4,25,mid
176,0.5,0.02,0.7,6,25,mid
177,0.5,0.02,0.7,6,50,mid
156,0.5,0.02,0.5,6,25,mid
146,0.5,0.02,0.5,4,25,mid
148,0.5,0.02,0.5,4,75,mid
767,0.5,0.08,0.7,4,50,mid
771,0.5,0.08,0.7,5,25,mid
772,0.5,0.08,0.7,5,50,mid
515,0.5,0.06,0.1,6,0,mid
716,0.5,0.08,0.1,6,25,mid
719,0.5,0.08,0.1,6,100,mid
750,0.5,0.08,0.5,5,0,mid
762,0.5,0.08,0.7,3,50,mid
765,0.5,0.08,0.7,4,0,mid
603,0.5,0.07,0.1,3,75,mid
609,0.5,0.07,0.1,4,100,mid
429,0.5,0.05,0.3,4,100,mid
468,0.5,0.05,0.7,4,75,mid
447,0.5,0.05,0.5,4,50,mid
449,0.5,0.05,0.5,4,100,mid
454,0.5,0.05,0.5,5,100,mid
400,0.5,0.05,0.1,3,0,mid
461,0.5,0.05,0.7,3,25,mid
412,0.5,0.05,0.1,5,50,mid
413,0.5,0.05,0.1,5,75,mid
419,0.5,0.05,0.1,6,100,mid
404,0.5,0.05,0.1,3,100,mid
406,0.5,0.05,0.1,4,25,mid
407,0.5,0.05,0.1,4,50,mid
510,0.5,0.06,0.1,5,0,mid
513,0.5,0.06,0.1,5,75,mid
804,0.5,0.09,0.1,3,100,mid
493,0.5,0.05,0.9,5,75,mid
501,0.5,0.06,0.1,3,25,mid
908,0.5,0.1,0.1,4,75,mid
911,0.5,0.1,0.1,5,25,mid
913,0.5,0.1,0.1,5,75,mid
916,0.5,0.1,0.1,6,25,mid
193,0.5,0.02,0.9,5,75,mid
198,0.5,0.02,0.9,6,75,mid
476,0.5,0.05,0.7,6,25,mid
917,0.5,0.1,0.1,6,50,mid
918,0.5,0.1,0.1,6,75,mid
780,0.5,0.08,0.9,3,0,mid
800,0.5,0.09,0.1,3,0,mid
802,0.5,0.09,0.1,3,50,mid
472,0.5,0.05,0.7,5,50,mid
473,0.5,0.05,0.7,5,75,mid
475,0.5,0.05,0.7,6,0,mid
149,0.5,0.02,0.5,4,100,mid
545,0.5,0.06,0.5,4,0,mid
549,0.5,0.06,0.5,4,100,mid
552,0.5,0.06,0.5,5,50,mid
934,0.5,0.1,0.3,5,100,mid
201,0.5,0.03,0.1,3,25,mid
203,0.5,0.03,0.1,3,75,mid
508,0.5,0.06,0.1,4,75,mid
213,0.5,0.03,0.1,5,75,mid
215,0.5,0.03,0.1,6,0,mid
207,0.5,0.03,0.1,4,50,mid
435,0.5,0.05,0.3,6,0,mid
437,0.5,0.05,0.3,6,50,mid
223,0.5,0.03,0.3,3,75,mid
228,0.5,0.03,0.3,4,75,mid
229,0.5,0.03,0.3,4,100,mid
188,0.5,0.02,0.9,4,75,mid
732,0.5,0.08,0.3,5,50,mid
631,0.5,0.07,0.3,5,25,mid
639,0.5,0.07,0.3,6,100,mid
672,0.5,0.07,0.7,5,50,mid
619,0.5,0.07,0.1,6,100,mid
622,0.5,0.07,0.3,3,50,mid
630,0.5,0.07,0.3,5,0,mid
600,0.5,0.07,0.1,3,0,mid
695,0.5,0.07,0.9,6,0,mid
308,0.5,0.04,0.1,4,75,mid
314,0.5,0.04,0.1,5,100,mid
368,0.5,0.04,0.7,4,75,mid
372,0.5,0.04,0.7,5,50,mid
855,0.5,0.09,0.5,6,0,mid
877,0.5,0.09,0.7,6,50,mid
901,0.5,0.1,0.1,3,25,mid
286,0.5,0.03,0.9,4,25,mid
289,0.5,0.03,0.9,4,100,mid
350,0.5,0.04,0.5,5,0,mid
299,0.5,0.03,0.9,6,100,mid
302,0.5,0.04,0.1,3,50,mid
304,0.5,0.04,0.1,3,100,mid
294,0.5,0.03,0.9,5,100,mid
363,0.5,0.04,0.7,3,75,mid
356,0.5,0.04,0.5,6,25,mid
358,0.5,0.04,0.5,6,75,mid
845,0.5,0.09,0.5,4,0,mid
848,0.5,0.09,0.5,4,75,mid
614,0.5,0.07,0.1,5,100,mid
648,0.5,0.07,0.5,4,75,mid
650,0.5,0.07,0.5,5,0,mid
611,0.5625,0.07,0.1,5,25,mid
613,0.5625,0.07,0.1,5,75,mid
615,0.5625,0.07,0.1,6,0,mid
955,0.5625,0.1,0.5,6,0,mid
362,0.5625,0.04,0.7,3,50,mid
354,0.5625,0.04,0.5,5,100,mid
357,0.5625,0.04,0.5,6,50,mid
850,0.5625,0.09,0.5,5,0,mid
347,0.5625,0.04,0.5,4,50,mid
351,0.5625,0.04,0.5,5,25,mid
827,0.5625,0.09,0.3,4,50,mid
895,0.5625,0.09,0.9,6,0,mid
902,0.5625,0.1,0.1,3,50,mid
296,0.5625,0.03,0.9,6,25,mid
285,0.5625,0.03,0.9,4,0,mid
704,0.5625,0.08,0.1,3,100,mid
369,0.5625,0.04,0.7,4,100,mid
857,0.5625,0.09,0.5,6,50,mid
593,0.5625,0.06,0.9,5,75,mid
598,0.5625,0.06,0.9,6,75,mid
601,0.5625,0.07,0.1,3,25,mid
696,0.5625,0.07,0.9,6,25,mid
703,0.5625,0.08,0.1,3,75,mid
561,0.5625,0.06,0.7,3,25,mid
567,0.5625,0.06,0.7,4,50,mid
575,0.5625,0.06,0.7,6,0,mid
576,0.5625,0.06,0.7,6,25,mid
681,0.5625,0.07,0.9,3,25,mid
691,0.5625,0.07,0.9,5,25,mid
629,0.5625,0.07,0.3,4,100,mid
959,0.5625,0.1,0.5,6,100,mid
633,0.5625,0.07,0.3,5,75,mid
642,0.5625,0.07,0.5,3,50,mid
677,0.5625,0.07,0.7,6,50,mid
187,0.5625,0.02,0.9,4,50,mid
724,0.5625,0.08,0.3,3,100,mid
733,0.5625,0.08,0.3,5,75,mid
712,0.5625,0.08,0.1,5,50,mid
713,0.5625,0.08,0.1,5,75,mid
212,0.5625,0.03,0.1,5,50,mid
430,0.5625,0.05,0.3,5,0,mid
433,0.5625,0.05,0.3,5,75,mid
222,0.5625,0.03,0.3,3,50,mid
218,0.5625,0.03,0.1,6,75,mid
221,0.5625,0.03,0.3,3,25,mid
204,0.5625,0.03,0.1,3,100,mid
211,0.5625,0.03,0.1,5,25,mid
483,0.5625,0.05,0.9,3,75,mid
931,0.5625,0.1,0.3,5,25,mid
933,0.5625,0.1,0.3,5,75,mid
935,0.5625,0.1,0.3,6,0,mid
503,0.5625,0.06,0.1,3,75,mid
551,0.5625,0.06,0.5,5,25,mid
554,0.5625,0.06,0.5,5,100,mid
556,0.5625,0.06,0.5,6,25,mid
925,0.5625,0.1,0.3,4,0,mid
777,0.5625,0.08,0.7,6,50,mid
781,0.5625,0.08,0.9,3,25,mid
183,0.5625,0.02,0.9,3,75,mid
477,0.5625,0.05,0.7,6,50,mid
478,0.5625,0.05,0.7,6,75,mid
482,0.5625,0.05,0.9,3,50,mid
923,0.5625,0.1,0.3,3,75,mid
714,0.5625,0.08,0.1,5,100,mid
912,0.5625,0.1,0.1,5,50,mid
409,0.5625,0.05,0.1,4,100,mid
512,0.5625,0.06,0.1,5,50,mid
803,0.5625,0.09,0.1,3,75,mid
416,0.5625,0.05,0.1,6,25,mid
838,0.5625,0.09,0.3,6,75,mid
839,0.5625,0.09,0.3,6,100,mid
395,0.5625,0.04,0.9,6,0,mid
398,0.5625,0.04,0.9,6,75,mid
401,0.5625,0.05,0.1,3,25,mid
458,0.5625,0.05,0.5,6,75,mid
463,0.5625,0.05,0.7,3,75,mid
466,0.5625,0.05,0.7,4,25,mid
471,0.5625,0.05,0.7,5,25,mid
450,0.5625,0.05,0.5,5,0,mid
113,0.5625,0.02,0.1,5,75,mid
116,0.5625,0.02,0.1,6,25,mid
602,0.5625,0.07,0.1,3,50,mid
711,0.5625,0.08,0.1,5,25,mid
587,0.5625,0.06,0.9,4,50,mid
174,0.5625,0.02,0.7,5,100,mid
718,0.5625,0.08,0.1,6,75,mid
756,0.5625,0.08,0.5,6,25,mid
760,0.5625,0.08,0.7,3,0,mid
518,0.5625,0.06,0.1,6,75,mid
745,0.5625,0.08,0.5,4,0,mid
747,0.5625,0.08,0.5,4,50,mid
558,0.5625,0.06,0.5,6,75,mid
171,0.5625,0.02,0.7,5,25,mid
173,0.5625,0.02,0.7,5,75,mid
158,0.5625,0.02,0.5,6,75,mid
391,0.5625,0.04,0.9,5,25,mid
439,0.5625,0.05,0.3,6,100,mid
443,0.5625,0.05,0.5,3,75,mid
444,0.5625,0.05,0.5,3,100,mid
811,0.5625,0.09,0.1,5,25,mid
813,0.5625,0.09,0.1,5,75,mid
817,0.5625,0.09,0.1,6,50,mid
384,0.5625,0.04,0.9,3,100,mid
388,0.5625,0.04,0.9,4,75,mid
383,0.5625,0.04,0.9,3,75,mid
258,0.5625,0.03,0.5,6,75,mid
262,0.5625,0.03,0.7,3,50,mid
266,0.5625,0.03,0.7,4,25,mid
250,0.5625,0.03,0.5,5,0,mid
251,0.5625,0.03,0.5,5,25,mid
242,0.5625,0.03,0.5,3,50,mid
526,0.5625,0.06,0.3,4,25,mid
278,0.5625,0.03,0.7,6,75,mid
279,0.5625,0.03,0.7,6,100,mid
137,0.5625,0.02,0.3,6,50,mid
539,0.5625,0.06,0.3,6,100,mid
521,0.5625,0.06,0.3,3,25,mid
112,0.5625,0.02,0.1,5,50,mid
737,0.5625,0.08,0.3,6,50,mid
738,0.5625,0.08,0.3,6,75,mid
742,0.5625,0.08,0.5,3,50,mid
592,0.5625,0.06,0.9,5,50,mid
143,0.5625,0.02,0.5,3,75,mid
144,0.5625,0.02,0.5,3,100,mid
123,0.5625,0.02,0.3,3,75,mid
335,0.5625,0.04,0.3,6,0,mid
235,0.5625,0.03,0.3,6,0,mid
424,0.5625,0.05,0.3,3,100,mid
426,0.5625,0.05,0.3,4,25,mid
670,0.5625,0.07,0.7,5,0,mid
13,0.5625,0.01,0.1,5,75,mid
340,0.5625,0.04,0.5,3,0,mid
326,0.5625,0.04,0.3,4,25,mid
327,0.5625,0.04,0.3,4,50,mid
861,0.5625,0.09,0.7,3,25,mid
331,0.5625,0.04,0.3,5,25,mid
332,0.5625,0.04,0.3,5,50,mid
316,0.5625,0.04,0.1,6,25,mid
322,0.5625,0.04,0.3,3,50,mid
960,0.5625,0.1,0.7,3,0,mid
936,0.5625,0.1,0.3,6,25,mid
937,0.5625,0.1,0.3,6,50,mid
668,0.5625,0.07,0.7,4,75,mid
943,0.5625,0.1,0.5,3,75,mid
951,0.5625,0.1,0.5,5,25,mid
952,0.5625,0.1,0.5,5,50,mid
664,0.5625,0.07,0.7,3,100,mid
972,0.5625,0.1,0.7,5,50,mid
976,0.5625,0.1,0.7,6,25,mid
659,0.5625,0.07,0.5,6,100,mid
654,0.5625,0.07,0.5,5,100,mid
627,0.5625,0.07,0.3,4,50,mid
68,0.625,0.01,0.7,4,75,mid
949,0.625,0.1,0.5,4,100,mid
944,0.625,0.1,0.5,3,100,mid
637,0.625,0.07,0.3,6,50,mid
626,0.625,0.07,0.3,4,25,mid
628,0.625,0.07,0.3,4,75,mid
618,0.625,0.07,0.1,6,75,mid
623,0.625,0.07,0.3,3,75,mid
674,0.625,0.07,0.7,5,100,mid
675,0.625,0.07,0.7,6,0,mid
665,0.625,0.07,0.7,4,0,mid
671,0.625,0.07,0.7,5,25,mid
658,0.625,0.07,0.5,6,75,mid
649,0.625,0.07,0.5,4,100,mid
652,0.625,0.07,0.5,5,50,mid
655,0.625,0.07,0.5,6,0,mid
594,0.625,0.06,0.9,5,100,mid
873,0.625,0.09,0.7,5,75,mid
874,0.625,0.09,0.7,5,100,mid
878,0.625,0.09,0.7,6,75,mid
281,0.625,0.03,0.9,3,25,mid
283,0.625,0.03,0.9,3,75,mid
287,0.625,0.03,0.9,4,50,mid
274,0.625,0.03,0.7,5,100,mid
269,0.625,0.03,0.7,4,100,mid
259,0.625,0.03,0.5,6,100,mid
263,0.625,0.03,0.7,3,75,mid
209,0.625,0.03,0.1,4,100,mid
932,0.625,0.1,0.3,5,50,mid
841,0.625,0.09,0.5,3,25,mid
846,0.625,0.09,0.5,4,25,mid
353,0.625,0.04,0.5,5,75,mid
346,0.625,0.04,0.5,4,25,mid
341,0.625,0.04,0.5,3,25,mid
323,0.625,0.04,0.3,3,75,high
309,0.625,0.04,0.1,4,100,high
882,0.625,0.09,0.9,3,50,high
595,0.625,0.06,0.9,6,0,high
584,0.625,0.06,0.9,3,100,high
585,0.625,0.06,0.9,4,0,high
586,0.625,0.06,0.9,4,25,high
590,0.625,0.06,0.9,5,0,high
591,0.625,0.06,0.9,5,25,high
710,0.625,0.08,0.1,5,0,high
698,0.625,0.07,0.9,6,75,high
688,0.625,0.07,0.9,4,75,high
690,0.625,0.07,0.9,5,0,high
692,0.625,0.07,0.9,5,50,high
693,0.625,0.07,0.9,5,75,high
694,0.625,0.07,0.9,5,100,high
826,0.625,0.09,0.3,4,25,high
828,0.625,0.09,0.3,4,75,high
829,0.625,0.09,0.3,4,100,high
830,0.625,0.09,0.3,5,0,high
823,0.625,0.09,0.3,3,75,high
809,0.625,0.09,0.1,4,100,high
386,0.625,0.04,0.9,4,25,high
378,0.625,0.04,0.7,6,75,high
382,0.625,0.04,0.9,3,50,high
867,0.625,0.09,0.7,4,50,high
869,0.625,0.09,0.7,4,100,high
856,0.625,0.09,0.5,6,25,high
858,0.625,0.09,0.5,6,75,high
854,0.625,0.09,0.5,5,100,high
486,0.625,0.05,0.9,4,25,high
474,0.625,0.05,0.7,5,100,high
469,0.625,0.05,0.7,4,100,high
470,0.625,0.05,0.7,5,0,high
456,0.625,0.05,0.5,6,25,high
452,0.625,0.05,0.5,5,50,high
436,0.625,0.05,0.3,6,25,high
438,0.625,0.05,0.3,6,75,high
428,0.625,0.05,0.3,4,75,high
415,0.625,0.05,0.1,6,0,high
403,0.625,0.05,0.1,3,75,high
397,0.625,0.04,0.9,6,50,high
399,0.625,0.04,0.9,6,100,high
832,0.625,0.09,0.3,5,50,high
578,0.625,0.06,0.7,6,75,high
581,0.625,0.06,0.9,3,25,high
582,0.625,0.06,0.9,3,50,high
583,0.625,0.06,0.9,3,75,high
569,0.625,0.06,0.7,4,100,high
570,0.625,0.06,0.7,5,0,high
571,0.625,0.06,0.7,5,25,high
573,0.625,0.06,0.7,5,75,high
574,0.625,0.06,0.7,5,100,high
562,0.625,0.06,0.7,3,50,high
566,0.625,0.06,0.7,4,25,high
553,0.625,0.06,0.5,5,75,high
555,0.625,0.06,0.5,6,0,high
559,0.625,0.06,0.5,6,100,high
546,0.625,0.06,0.5,4,25,high
548,0.625,0.06,0.5,4,75,high
536,0.625,0.06,0.3,6,25,high
537,0.625,0.06,0.3,6,50,high
528,0.625,0.06,0.3,4,75,high
530,0.625,0.06,0.3,5,0,high
534,0.625,0.06,0.3,5,100,high
527,0.625,0.06,0.3,4,50,high
726,0.625,0.08,0.3,4,25,high
766,0.625,0.08,0.7,4,25,high
752,0.625,0.08,0.5,5,50,high
755,0.625,0.08,0.5,6,0,high
746,0.625,0.08,0.5,4,25,high
748,0.625,0.08,0.5,4,75,high
751,0.625,0.08,0.5,5,25,high
505,0.625,0.06,0.1,4,0,high
509,0.625,0.06,0.1,4,100,high
500,0.625,0.06,0.1,3,0,high
502,0.625,0.06,0.1,3,50,high
490,0.625,0.05,0.9,5,0,high
806,0.625,0.09,0.1,4,25,high
795,0.625,0.08,0.9,6,0,high
791,0.625,0.08,0.9,5,25,high
776,0.625,0.08,0.7,6,25,high
778,0.625,0.08,0.7,6,75,high
987,0.625,0.1,0.9,4,50,high
981,0.625,0.1,0.9,3,25,high
982,0.625,0.1,0.9,3,50,high
974,0.625,0.1,0.7,5,100,high
17,0.625,0.01,0.1,6,50,high
640,0.625,0.07,0.5,3,0,high
644,0.625,0.07,0.5,3,100,high
922,0.625,0.1,0.3,3,50,high
924,0.625,0.1,0.3,3,100,high
914,0.625,0.1,0.1,5,100,high
904,0.625,0.1,0.1,3,100,high
906,0.625,0.1,0.1,4,25,high
907,0.625,0.1,0.1,4,50,high
164,0.625,0.02,0.7,3,100,high
157,0.625,0.02,0.5,6,50,high
138,0.625,0.02,0.3,6,75,high
124,0.625,0.02,0.3,3,100,high
109,0.625,0.02,0.1,4,100,high
961,0.625,0.1,0.7,3,25,high
964,0.625,0.1,0.7,3,100,high
956,0.625,0.1,0.5,6,25,high
966,0.6875,0.1,0.7,4,25,high
129,0.6875,0.02,0.3,4,100,high
167,0.6875,0.02,0.7,4,50,high
154,0.6875,0.02,0.5,5,100,high
163,0.6875,0.02,0.7,3,75,high
178,0.6875,0.02,0.7,6,75,high
963,0.6875,0.1,0.7,3,75,high
962,0.6875,0.1,0.7,3,50,high
970,0.6875,0.1,0.7,5,0,high
647,0.6875,0.07,0.5,4,50,high
975,0.6875,0.1,0.7,6,0,high
988,0.6875,0.1,0.9,4,75,high
905,0.6875,0.1,0.1,4,0,high
786,0.6875,0.08,0.9,4,25,high
998,0.6875,0.1,0.9,6,75,high
977,0.6875,0.1,0.7,6,50,high
796,0.6875,0.08,0.9,6,25,high
799,0.6875,0.08,0.9,6,100,high
790,0.6875,0.08,0.9,5,0,high
788,0.6875,0.08,0.9,4,75,high
985,0.6875,0.1,0.9,4,0,high
792,0.6875,0.08,0.9,5,50,high
784,0.6875,0.08,0.9,3,100,high
492,0.6875,0.05,0.9,5,50,high
544,0.6875,0.06,0.5,3,100,high
761,0.6875,0.08,0.7,3,25,high
715,0.6875,0.08,0.1,6,0,high
757,0.6875,0.08,0.5,6,50,high
514,0.6875,0.06,0.1,5,100,high
763,0.6875,0.08,0.7,3,75,high
758,0.6875,0.08,0.5,6,75,high
488,0.6875,0.05,0.9,4,75,high
564,0.6875,0.06,0.7,3,100,high
774,0.6875,0.08,0.7,5,100,high
722,0.6875,0.08,0.3,3,50,high
730,0.6875,0.08,0.3,5,0,high
535,0.6875,0.06,0.3,6,0,high
543,0.6875,0.06,0.5,3,75,high
833,0.6875,0.09,0.3,5,75,high
834,0.6875,0.09,0.3,5,100,high
852,0.6875,0.09,0.5,5,50,high
863,0.6875,0.09,0.7,3,75,high
783,0.6875,0.08,0.9,3,75,high
393,0.6875,0.04,0.9,5,75,high
479,0.6875,0.05,0.7,6,100,high
459,0.6875,0.05,0.5,6,100,high
451,0.6875,0.05,0.5,5,25,high
481,0.6875,0.05,0.9,3,25,high
550,0.6875,0.06,0.5,5,0,high
725,0.6875,0.08,0.3,4,0,high
589,0.6875,0.06,0.9,4,100,high
689,0.6875,0.07,0.9,4,100,high
596,0.6875,0.06,0.9,6,25,high
599,0.6875,0.06,0.9,6,100,high
881,0.6875,0.09,0.9,3,25,high
706,0.6875,0.08,0.1,4,25,high
683,0.6875,0.07,0.9,3,75,high
822,0.6875,0.09,0.3,3,50,high
820,0.6875,0.09,0.3,3,0,high
864,0.6875,0.09,0.7,3,100,high
367,0.6875,0.04,0.7,4,50,high
366,0.6875,0.04,0.7,4,25,high
361,0.6875,0.04,0.7,3,25,high
860,0.6875,0.09,0.7,3,0,high
273,0.6875,0.03,0.7,5,75,high
900,0.6875,0.1,0.1,3,0,high
311,0.6875,0.04,0.1,5,25,high
330,0.6875,0.04,0.3,5,0,high
842,0.6875,0.09,0.5,3,50,high
256,0.6875,0.03,0.5,6,25,high
879,0.6875,0.09,0.7,6,100,high
288,0.6875,0.03,0.9,4,75,high
929,0.6875,0.1,0.3,4,100,high
276,0.6875,0.03,0.7,6,25,high
928,0.6875,0.1,0.3,4,75,high
214,0.6875,0.03,0.1,5,100,high
244,0.6875,0.03,0.5,3,100,high
224,0.6875,0.03,0.3,3,100,high
359,0.6875,0.04,0.5,6,100,high
844,0.6875,0.09,0.5,3,100,high
884,0.6875,0.09,0.9,3,100,high
702,0.6875,0.08,0.1,3,50,high
993,0.6875,0.1,0.9,5,75,high
663,0.6875,0.07,0.7,3,75,high
678,0.6875,0.07,0.7,6,75,high
638,0.6875,0.07,0.3,6,75,high
657,0.6875,0.07,0.5,6,50,high
872,0.6875,0.09,0.7,5,50,high
946,0.6875,0.1,0.5,4,25,high
940,0.6875,0.1,0.5,3,0,high
621,0.6875,0.07,0.3,3,25,high
620,0.6875,0.07,0.3,3,0,high
720,0.75,0.08,0.3,3,0,high
969,0.75,0.1,0.7,4,100,high
754,0.75,0.08,0.5,5,100,high
741,0.75,0.08,0.5,3,25,high
868,0.75,0.09,0.7,4,75,high
866,0.75,0.09,0.7,4,25,high
853,0.75,0.09,0.5,5,75,high
782,0.75,0.08,0.9,3,50,high
779,0.75,0.08,0.7,6,100,high
560,0.75,0.06,0.7,3,0,high
557,0.75,0.06,0.5,6,50,high
572,0.75,0.06,0.7,5,50,high
770,0.75,0.08,0.7,5,0,high
769,0.75,0.08,0.7,4,100,high
768,0.75,0.08,0.7,4,75,high
836,0.75,0.09,0.3,6,25,high
465,0.75,0.05,0.7,4,0,high
835,0.75,0.09,0.3,6,0,high
568,0.75,0.06,0.7,4,75,high
579,0.75,0.06,0.7,6,100,high
487,0.75,0.05,0.9,4,50,high
999,0.75,0.1,0.9,6,100,high
497,0.75,0.05,0.9,6,50,high
507,0.75,0.06,0.1,4,50,high
787,0.75,0.08,0.9,4,50,high
797,0.75,0.08,0.9,6,50,high
794,0.75,0.08,0.9,5,100,high
805,0.75,0.09,0.1,4,0,high
968,0.75,0.1,0.7,4,75,high
921,0.75,0.1,0.3,3,25,high
967,0.75,0.1,0.7,4,50,high
909,0.75,0.1,0.1,4,100,high
953,0.75,0.1,0.5,5,75,high
965,0.75,0.1,0.7,4,0,high
957,0.75,0.1,0.5,6,50,high
958,0.75,0.1,0.5,6,75,high
941,0.75,0.1,0.5,3,25,high
942,0.75,0.1,0.5,3,50,high
666,0.75,0.07,0.7,4,25,high
679,0.75,0.07,0.7,6,100,high
498,0.75,0.05,0.9,6,75,high
740,0.75,0.08,0.5,3,0,high
729,0.75,0.08,0.3,4,100,high
978,0.75,0.1,0.7,6,75,high
926,0.75,0.1,0.3,4,25,high
973,0.75,0.1,0.7,5,75,high
898,0.75,0.09,0.9,6,75,high
847,0.75,0.09,0.5,4,50,high
295,0.75,0.03,0.9,6,0,high
888,0.75,0.09,0.9,4,75,high
343,0.75,0.04,0.5,3,75,high
948,0.75,0.1,0.5,4,75,high
634,0.75,0.07,0.3,5,100,high
887,0.75,0.09,0.9,4,50,high
697,0.75,0.07,0.9,6,50,high
577,0.75,0.06,0.7,6,50,high
667,0.75,0.07,0.7,4,50,high
261,0.75,0.03,0.7,3,25,high
843,0.75,0.09,0.5,3,75,high
597,0.75,0.06,0.9,6,50,high
705,0.75,0.08,0.1,4,0,high
680,0.75,0.07,0.9,3,0,high
636,0.75,0.07,0.3,6,25,high
865,0.75,0.09,0.7,4,0,high
886,0.75,0.09,0.9,4,25,high
676,0.75,0.07,0.7,6,25,high
685,0.8125,0.07,0.9,4,0,high
684,0.8125,0.07,0.9,3,100,high
983,0.8125,0.1,0.9,3,75,high
641,0.8125,0.07,0.5,3,25,high
990,0.8125,0.1,0.9,5,0,high
989,0.8125,0.1,0.9,4,100,high
892,0.8125,0.09,0.9,5,50,high
682,0.8125,0.07,0.9,3,50,high
271,0.8125,0.03,0.7,5,25,high
253,0.8125,0.03,0.5,5,75,high
565,0.8125,0.06,0.7,4,0,high
392,0.8125,0.04,0.9,5,50,high
851,0.8125,0.09,0.5,5,25,high
840,0.8125,0.09,0.5,3,0,high
862,0.8125,0.09,0.7,3,50,high
849,0.8125,0.09,0.5,4,100,high
467,0.8125,0.05,0.7,4,50,high
462,0.8125,0.05,0.7,3,50,high
793,0.8125,0.08,0.9,5,75,high
789,0.8125,0.08,0.9,4,100,high
785,0.8125,0.08,0.9,4,0,high
984,0.8125,0.1,0.9,3,100,high
995,0.8125,0.1,0.9,6,0,high
979,0.8125,0.1,0.7,6,100,high
996,0.8125,0.1,0.9,6,25,high
986,0.8125,0.1,0.9,4,25,high
494,0.8125,0.05,0.9,5,100,high
491,0.8125,0.05,0.9,5,25,high
744,0.8125,0.08,0.5,3,100,high
773,0.8125,0.08,0.7,5,75,high
759,0.8125,0.08,0.5,6,100,high
753,0.8125,0.08,0.5,5,75,high
764,0.8125,0.08,0.7,3,100,high
954,0.8125,0.1,0.5,5,100,high
994,0.8125,0.1,0.9,5,100,high
950,0.8125,0.1,0.5,5,0,high
673,0.8125,0.07,0.7,5,75,high
625,0.8125,0.07,0.3,4,0,high
896,0.8125,0.09,0.9,6,25,high
891,0.8125,0.09,0.9,5,25,high
660,0.8125,0.07,0.7,3,0,high
656,0.8125,0.07,0.5,6,25,high
889,0.8125,0.09,0.9,4,100,high
687,0.8125,0.07,0.9,4,50,high
699,0.8125,0.07,0.9,6,100,high
588,0.8125,0.06,0.9,4,75,high
880,0.8125,0.09,0.9,3,0,high
893,0.8125,0.09,0.9,5,75,high
883,0.8125,0.09,0.9,3,75,high
899,0.8125,0.09,0.9,6,100,high
661,0.8125,0.07,0.7,3,25,high
876,0.8125,0.09,0.7,6,25,high
669,0.8125,0.07,0.7,4,100,high
484,0.875,0.05,0.9,3,100,high
798,0.875,0.08,0.9,6,75,high
997,0.875,0.1,0.9,6,50,high
496,0.875,0.05,0.9,6,25,high
991,0.875,0.1,0.9,5,25,high
875,0.875,0.09,0.7,6,0,high
871,0.875,0.09,0.7,5,25,high
971,0.875,0.1,0.7,5,25,high
894,0.875,0.09,0.9,5,100,high
945,0.875,0.1,0.5,4,0,high
897,0.875,0.09,0.9,6,50,high
686,0.875,0.07,0.9,4,25,high
885,0.875,0.09,0.9,4,0,high
947,0.875,0.1,0.5,4,50,high
980,0.9375,0.1,0.9,3,0,high
890,0.9375,0.09,0.9,5,0,high
992,0.9375,0.1,0.9,5,50,high
