subjid,trial,oper,op1,op2,prob,resp,day,month,year,hour,minute,second,condition,trial_sub,op1num,op1den,op2num,op2den,ansW,ansNum,ansDen,rt,age,sex,grade,race,hand,PSSAverb,PSSAmath,scrap,Stratrt,Trial ID,corAnswer,parAnswer,arithCorrect,prob,resp,strategy,code,Exp,Comments
620,401,+,3/5,2/5,3/5+2/5,5/10,26,9,2008,9,19,4,4,2,3,5,2,5,-99999,5,10,9047,11,0,6,1,1,,,,10875,401,1,0.5,0,3/5+2/5,5/10,"I took 3 plus 2 and got 5, and 5 plus 5 and got 10, which is 5/10",3,CG,
620,402,+,3/5,1/2,3/5+1/2,4/7,26,9,2008,9,18,41,4,1,3,5,1,2,-99999,4,7,11765,11,0,6,1,1,,,,10875,402,1.1,0.571428571,0,3/5+1/2,4/7,"I took 3 plus 1 equals 4, and 5 plus 2 equals 7, and I got 4/7",3,CG,
620,501,:,3/5,1/2,3/5:1/2,3/7,26,9,2008,9,17,15,5,1,3,5,1,2,-99999,3,7,18797,11,0,6,1,1,,,,14625,501,1.2,0.428571429,0,3/5:1/2,3/7,"I took 3 divided by 1 and got 3, 5 divided by 2 and got 7",3,CG,
620,502,:,3/5,2/5,3/5:2/5,1/2,26,9,2008,9,17,48,5,2,3,5,2,5,-99999,1,2,30031,11,0,6,1,1,,,,9281,502,1.5,0.5,0,3/5:2/5,1/2,"I took 3 divided by 2 and got 1, and 5 divided by 5 and got 2",3,CG,
620,601,*,3/5,2/5,3/5*2/5,6/25,26,9,2008,9,7,32,6,1,3,5,2,5,-99999,6,25,13297,11,0,6,1,1,,,,11765,601,0.24,0.24,1,3/5*2/5,6/25,"I multiplied 3 times 2 and got 6, and 5 times 5 and got 25, and my answer was 6/25",3,CG,
620,602,*,3/5,1/2,3/5*1/2,3/10,26,9,2008,9,7,57,6,2,3,5,1,2,-99999,3,10,6547,11,0,6,1,1,,,,15157,602,0.3,0.3,1,3/5*1/2,3/10,"I did 3 times 1 which equaled 3, and 5 times 2 and it'd equal 10, and my answer was 3/10",3,CG,
620,701,-,3/5,2/5,3/5-2/5,1/9,26,9,2008,9,1,17,7,1,3,5,2,5,-99999,1,9,39250,11,0,6,1,1,,,,17000,701,0.2,0.111111111,0,3/5-2/5,1/9,"I subtracted 3-2 and got 1, then 5-5 and got 0",3,CG,
620,702,-,3/5,1/2,3/5-1/2,2/3,26,9,2008,9,2,14,7,2,3,5,1,2,-99999,2,3,10063,11,0,6,1,1,,,,9656,702,0.1,0.666666667,0,3/5-1/2,2/3,"I subtracted 3 and 1 and got 2, and 5 and 2 and got 3",3,CG,
622,401,+,3/5,2/5,3/5+2/5,5/5,26,9,2008,24,2,42,4,1,3,5,2,5,-99999,5,5,10391,11,1,6,1,1,,,,17656,401,1,1,1,3/5+2/5,5/5,3 plus 2 is 5. If the denominators are the same you don't do anything to them. That is an improper fraction.,1,CG,
622,402,+,3/5,1/2,3/5+1/2,4/7,26,9,2008,24,3,10,4,2,3,5,1,2,-99999,4,7,12625,11,1,6,1,1,,,,10765,402,1.1,0.571428571,0,3/5+1/2,4/7,"3 plus 1 is 4, and 5 plus 2 is 7. I know this is wrong, but I don't know how it works.",3,CG,
622,501,:,3/5,1/2,3/5:1/2,44/4,26,9,2008,24,8,54,5,2,3,5,1,2,-99999,44,4,18734,11,1,6,1,1,,,,9266,501,1.2,11,0,3/5:1/2,44/4,I forget this. I don’t know. I have no clue what I did or how I did it.,20,CG,
622,502,:,3/5,2/5,3/5:2/5,1/5,26,9,2008,24,8,38,5,1,3,5,2,5,-99999,1,5,8188,11,1,6,1,1,,,,8219,502,1.5,0.2,0,3/5:2/5,1/5,"I know that 5 divided by 2 is 1, and 5 and 5 are the same, so you keep it the same",1,CG,
622,601,*,3/5,2/5,3/5*2/5,5/5,26,9,2008,11,59,2,6,1,3,5,2,5,-99999,5,5,14266,11,1,6,1,1,,,,40344,601,0.24,1,0,3/5*2/5,5/5,"The numerator stays the same and the 3, or no it's timed, I added but I should have multiplied. The bottom number, if both of the numbers are the same, it just stays the same way, but you multiply the top numbers ",1,CG,
622,602,*,3/5,1/2,3/5*1/2,10 3/3,26,9,2008,11,59,57,6,2,3,5,1,2,10,3,3,38594,11,1,6,1,1,,,,13562,602,0.3,11,0,3/5*1/2,10 3/3,"I've done this before, but I forget, I know how it works whenever you use fractions, but I forget how it works whenever you're doing improper fractions",20,CG,
622,701,-,3/5,2/5,3/5-2/5,1/9,26,9,2008,24,1,39,7,2,3,5,2,5,-99999,1,9,24422,11,1,6,1,1,,,,24687,701,0.2,0.111111111,0,3/5-2/5,1/9,"I have never subtracted fractions before, so I'm probably going to do the same thing as the number line and guess. I know that the fraction is 5 minus 5 which is 0, but it wouldn't let me type that in so I put 9, but it's 0, and 3 minus 2 is 1, and I know this is an improper fraction but I again forget how this works.",3,CG,
622,702,-,3/5,1/2,3/5-1/2,2/3,26,9,2008,24,1,4,7,1,3,5,1,2,-99999,2,3,10422,11,1,6,1,1,,,,24672,702,0.1,0.666666667,0,3/5-1/2,2/3,"I subtracted 3 and 1 which is 2, and 5 and 2 which is 3",3,CG,
623,401,+,3/5,2/5,3/5+2/5,5/10,29,9,2008,9,13,6,4,2,3,5,2,5,-99999,5,10,10344,11,1,6,1,1,,,,13609,401,1,0.5,0,3/5+2/5,5/10,"I found my common denominator and it was 10, and then I added 3 plus 2 and that was 5",2,CG,
623,402,+,3/5,1/2,3/5+1/2,4/10,29,9,2008,9,11,54,4,1,3,5,1,2,-99999,4,10,41938,11,1,6,1,1,,,,30156,402,1.1,0.4,0,3/5+1/2,4/10,"I added 3 plus 1 and got 4, and I found the common denominator and it was 10",2,CG,
623,501,:,3/5,1/2,3/5:1/2,3/10,29,9,2008,9,35,44,5,1,3,5,1,2,-99999,3,10,36312,11,1,6,1,1,,,,17016,501,1.2,0.3,0,3/5:1/2,3/10,"I found my common denominator, 10, and then I divided 1 divided by 3 and got 3",2,CG,
623,502,:,3/5,2/5,3/5:2/5,0/5,29,9,2008,9,36,37,5,2,3,5,2,5,-99999,0,5,75766,11,1,6,1,1,,,,20671,502,1.5,0,0,3/5:2/5,0/5,"I put as my denominator 5 because that was my common denominator, and then 3 can't go in 2 and 2 can't go into 3 for my numerator so I just put 0",1,CG,
623,601,*,3/5,2/5,3/5*2/5,1 1/5,29,9,2008,9,25,24,6,2,3,5,2,5,1,1,5,23469,11,1,6,1,1,,,,24797,601,0.24,1.2,0,3/5*2/5,1 1/5,"I got my common denominator of 5 and numerator of 6, and then I changed the 6 into a whole number and made the numerator a 1",1,CG,
623,602,*,3/5,1/2,3/5*1/2,3/10,29,9,2008,9,24,56,6,1,3,5,1,2,-99999,3,10,16813,11,1,6,1,1,,,,11765,602,0.3,0.3,1,3/5*1/2,3/10,I found my common denominator which was 10 and then I multiplied 3 times 1 and got 3,2,CG,
623,701,-,3/5,2/5,3/5-2/5,1/5,29,9,2008,9,26,31,7,1,3,5,2,5,-99999,1,5,13578,11,1,6,1,1,,,,9953,701,0.2,0.2,1,3/5-2/5,1/5,"I found my common denominator and it was 5, and then I subtracted 3 minus 2 and got 1",1,CG,
623,702,-,3/5,1/2,3/5-1/2,2/10,29,9,2008,9,26,55,7,2,3,5,1,2,-99999,2,10,17234,11,1,6,1,1,,,,9610,702,0.1,0.2,0,3/5-1/2,2/10,"I found my common denominator of 10, and then subtracted 3 minus 1 and got 2",2,CG,
624,401,+,3/5,2/5,3/5+2/5,1,29,9,2008,11,18,56,4,1,3,5,2,5,1,-99999,-99999,16281,12,1,6,1,1,,,,11188,401,1,1,1,3/5+2/5,1,"I added the numerators together, then I realized that was wrong",1,CG,
624,402,+,3/5,1/2,3/5+1/2,1 1/10,29,9,2008,11,19,24,4,2,3,5,1,2,1,1,10,21265,12,1,6,1,1,,,,7000,402,1.1,1.1,1,3/5+1/2,1 1/10,I did addition,2,CG,
624,501,:,3/5,1/2,3/5:1/2,12,29,9,2008,11,15,34,5,1,3,5,1,2,12,-99999,-99999,123329,12,1,6,1,1,,,,6000,501,1.2,12,0,3/5:1/2,12,"I turned the fractions into decimals, and thn divided",20,CG,
624,502,:,3/5,2/5,3/5:2/5,15,29,9,2008,11,17,44,5,2,3,5,2,5,15,-99999,-99999,52296,12,1,6,1,1,,,,6313,502,1.5,15,0,3/5:2/5,15,"I turned the fractions into decimals, and thn divided",20,CG,
624,601,*,3/5,2/5,3/5*2/5,6/10,29,9,2008,11,14,4,6,1,3,5,2,5,-99999,6,10,25250,12,1,6,1,1,,,,6109,601,0.24,0.6,0,3/5*2/5,6/10,I just did multiplication,3,CG,
624,602,*,3/5,1/2,3/5*1/2,30/100,29,9,2008,11,14,36,6,2,3,5,1,2,-99999,30,100,33407,12,1,6,1,1,,,,6968,602,0.3,0.3,1,3/5*1/2,30/100,"I had to bring the fractions up, then multiply",20,CG,
624,701,-,3/5,2/5,3/5-2/5,1/5,29,9,2008,11,25,43,7,1,3,5,2,5,-99999,1,5,9578,12,1,6,1,1,,,,6781,701,0.2,0.2,1,3/5-2/5,1/5,I subtracted the numerators and got the denominators,1,CG,
624,702,-,3/5,1/2,3/5-1/2,1/10,29,9,2008,11,26,0,7,2,3,5,1,2,-99999,1,10,19203,12,1,6,1,1,,,,12391,702,0.1,0.1,1,3/5-1/2,1/10,"I got the denominators to the same thing by multiplying, and then I did the subtraction",2,CG,
629,401,+,3/5,2/5,3/5+2/5,5/5,1,10,2008,9,45,16,4,1,3,5,2,5,-99999,5,5,36515,11,1,6,1,1,,,,27172,401,1,1,1,3/5+2/5,5/5,"I chose 5/5 because 3 plus 2 is 5, and I remembering hearing something stays the same, and I'm guessing that's the bottom one so I chose 5",1,CG,
629,402,+,3/5,1/2,3/5+1/2,4/8,1,10,2008,9,46,20,4,2,3,5,1,2,-99999,4,8,49875,11,1,6,1,1,,,,29797,402,1.1,0.5,0,3/5+1/2,4/8,I chose 4/8 because 4 is half of 8 and it was like 1/2 and 3/5 was what I was adding. They're both around 1/2 so I was guessing the answer was around a half,20,CG,*10?
629,501,:,3/5,1/2,3/5:1/2,2/3,1,10,2008,9,41,56,5,1,3,5,1,2,-99999,2,3,67297,11,1,6,1,1,,,,21375,501,1.2,0.666666667,0,3/5:1/2,2/3,"I picked 2/3 because the 2 is in between 3 and 1, and 3 is in the middle of 5 and 2",20,CG,
629,502,:,3/5,2/5,3/5:2/5,3/1,1,10,2008,9,43,25,5,2,3,5,2,5,-99999,3,1,57859,11,1,6,1,1,,,,40078,502,1.5,3,0,3/5:2/5,3/1,"I just guessed for the first one, and chose 3 because I didn't really get it, and then the denominator I chose 1 because 5 divided by 5 is 1",20,CG,*10?
629,601,*,3/5,2/5,3/5*2/5,6/25,1,10,2008,9,52,8,6,2,3,5,2,5,-99999,6,25,59406,11,1,6,1,1,,,,27125,601,0.24,0.24,1,3/5*2/5,6/25,"I multiplied 3 times 2 equals 6 and 5 times 5 is 25, so I got 6/25",3,CG,
629,602,*,3/5,1/2,3/5*1/2,1 3/10,1,10,2008,9,50,20,6,1,3,5,1,2,1,3,10,66688,11,1,6,1,1,,,,41594,602,0.3,1.3,0,3/5*1/2,1 3/10,"I chose the answer 1 3/10 because multiplying usually gives big answers, so I put 1 in the whole place and then 3 times 1 is 3 and 5 times 2 is 10, so I got 3/10",3,CG,
629,701,-,3/5,2/5,3/5-2/5,1/5,1,10,2008,9,48,37,7,2,3,5,2,5,-99999,1,5,51297,11,1,6,1,1,,,,40250,701,0.2,0.2,1,3/5-2/5,1/5,"I chose 1/5 as my answer and I chose that because 3 minus 2 is 1, and 5 minus 5 is 0 but I picked 5 anyway",3,CG,
629,702,-,3/5,1/2,3/5-1/2,2/3,1,10,2008,9,47,50,7,1,3,5,1,2,-99999,2,3,30515,11,1,6,1,1,,,,16610,702,0.1,0.666666667,0,3/5-1/2,2/3,I chose 2/3 as the answer because I didn't really understand it,3,CG,
630,401,+,3/5,2/5,3/5+2/5,1,1,10,2008,24,3,34,4,2,3,5,2,5,1,-99999,-99999,43469,11,1,6,1,1,,,,11219,401,1,1,1,3/5+2/5,1,"I thought 3/5 and 2/5 would be one whole, I guessed on that one",3,CG,
630,402,+,3/5,1/2,3/5+1/2,2/3,1,10,2008,24,1,34,4,1,3,5,1,2,-99999,2,3,94031,11,1,6,1,1,,,,26625,402,1.1,0.666666667,0,3/5+1/2,2/3,"I didn't know that much about the answer, I thought it'd be around 2/3. I thought it would be like that because if you're adding 3/5 plus 1/2 so it would be higher than 1/2 so I thought it'd be about 2/3",10,CG,
630,501,:,3/5,1/2,3/5:1/2,3/4,1,10,2008,24,4,45,5,1,3,5,1,2,-99999,3,4,74718,11,1,6,1,1,,,,22766,501,1.2,0.75,0,3/5:1/2,3/4,"I didn't really know how much, I forgot how to do division for fractions, so I guessed it was 3/4 because 3 divided by 1 is 3, and it would be like under 1, under 1/2",10,CG,
630,502,:,3/5,2/5,3/5:2/5,1/5,1,10,2008,24,6,23,5,2,3,5,2,5,-99999,1,5,25594,11,1,6,1,1,,,,13687,502,1.5,0.2,0,3/5:2/5,1/5,"I thought 3 divided by 2 would be, I just thought it would be 1/5 because 5's on the bottom, I thought it would be 5 again",3,CG,
630,601,*,3/5,2/5,3/5*2/5,1 1/5,1,10,2008,24,12,50,6,1,3,5,2,5,1,1,5,24328,11,1,6,1,1,,,,16422,601,0.24,1.2,0,3/5*2/5,1 1/5,"I thought 3 times 2 would be 6, and you carry the 5 over cause they're both 5 on the bottom. And it would be 1 1/5",3,CG,
630,602,*,3/5,1/2,3/5*1/2,3/10,1,10,2008,24,13,31,6,2,3,5,1,2,-99999,3,10,35156,11,1,6,1,1,,,,9984,602,0.3,0.3,1,3/5*1/2,3/10,I thought 3 times 1 would be 3 and 5  times 2 would be 10 so I put 3/10,3,CG,
630,701,-,3/5,2/5,3/5-2/5,1/5,1,10,2008,11,48,0,7,1,3,5,2,5,-99999,1,5,42610,11,1,6,1,1,,,,20500,701,0.2,0.2,1,3/5-2/5,1/5,"I knew that the 5 for the bottom part was the same, cause they're both 5, and 3/5 minus 2/5 would be 1/5",1,CG,
630,702,-,3/5,1/2,3/5-1/2,4/3,1,10,2008,11,49,3,7,2,3,5,1,2,-99999,4,3,22734,11,1,6,1,1,,,,37125,702,0.1,1.333333333,0,3/5-1/2,4/3,"I put 4/3 because 1/2 of, there's…I subtracted 1/2, or 1 2 of 3/5, and I should've did half of 3/5 I think",3,CG,
631,401,+,3/5,2/5,3/5+2/5,5/5,6,11,2008,9,53,47,4,2,3,5,2,5,-99999,5,5,10344,10,1,6,1,1,,,,25172,401,1,1,1,3/5+2/5,5/5,"I got 5/5 or 1, because since both denominators were the same, they didn't add each other up and I multiplied 3 by 2 and that gave me 5, so I got my answer of 5/5 or 1",1,CG,
631,402,+,3/5,1/2,3/5+1/2,11/10,6,11,2008,9,52,31,4,1,3,5,1,2,-99999,11,10,49937,10,1,6,1,1,,,,26281,402,1.1,1.1,1,3/5+1/2,11/10,"I got my answer because I knew my denominators need to be the same,  so I times 2 by 5 and I times 5 by 2, but since I times the denominators I did the same for the numerators, so I times 1 by 5, and then times 3 by 2, and that gave me 11/10",2,CG,
631,501,:,3/5,1/2,3/5:1/2,1/10,6,11,2008,9,56,4,5,1,3,5,1,2,-99999,1,10,43109,10,1,6,1,1,,,,29485,501,1.2,0.1,0,3/5:1/2,1/10,"I got my answer because once again my denominators needed to be the same, so I times the 5 by 2 and 2 by 5, but since I did that to my denominators, I had to do that to my numerator. So I times 5 by 1 and 2 by 3, so then I divided 6/10 by 5/10 and I got 1/10",2,CG,
631,502,:,3/5,2/5,3/5:2/5,1/5,6,11,2008,9,57,17,5,2,3,5,2,5,-99999,1,5,35938,10,1,6,1,1,,,,17500,502,1.5,0.2,0,3/5:2/5,1/5,"I did not change the denominators cause they were both the same, and you don't change the denominator when they're both the same.  But, then I divided 3 by 2 to get 1, so my answer is 1/5",1,CG,
631,601,*,3/5,2/5,3/5*2/5,6/25,6,11,2008,9,45,14,6,2,3,5,2,5,-99999,6,25,21843,10,1,6,1,1,,,,13328,601,0.24,0.24,1,3/5*2/5,6/25,"I figured this out by timesing the numerators of 3 and 2 to get 6, and I times the denominator of 5 and 5 to get 25",3,CG,
631,602,*,3/5,1/2,3/5*1/2,3/10,6,11,2008,9,44,3,6,1,3,5,1,2,-99999,3,10,52546,10,1,6,1,1,,,,18954,602,0.3,0.3,1,3/5*1/2,3/10,"I figured this out because I times 3 times 1 and that equals 3, so that was my numerator, and my denominator, I figured that out by timesing, because I times 5 by 2 to get 10",3,CG,
631,701,-,3/5,2/5,3/5-2/5,1/5,6,11,2008,9,55,24,7,2,3,5,2,5,-99999,1,5,9438,10,1,6,1,1,,,,18937,701,0.2,0.2,1,3/5-2/5,1/5,"I got my answer by minusing 3/5 by 2/5 which gave me 1/5. I didn't change the denominator because the denominators stay the same, you don't do anything to it",1,CG,
631,702,-,3/5,1/2,3/5-1/2,1/10,6,11,2008,9,54,32,7,1,3,5,1,2,-99999,1,10,19656,10,1,6,1,1,,,,32594,702,0.1,0.1,1,3/5-1/2,1/10,"Well first the denominators need to be the same, so I times 5 by 2 and 2 by 5, since I times the denominators by something I have to do th same for the numerators , so I times 5 by 1, and 2 by 3, that gave me 6/10 minus 5/10 and that equal 5/10",2,CG,
632,401,+,3/5,2/5,3/5+2/5,5/10,6,11,2008,10,14,38,4,1,3,5,2,5,-99999,5,10,21297,11,0,6,1,1,,,,8687,401,1,0.5,0,3/5+2/5,5/10,I put 5/10 because I added 3 and 2 to get 5 and 5 and 5 to get 10,3,CG,
632,402,+,3/5,1/2,3/5+1/2,4/7,6,11,2008,10,15,8,4,2,3,5,1,2,-99999,4,7,16125,11,0,6,1,1,,,,14203,402,1.1,0.571428571,0,3/5+1/2,4/7,"I got 4/7 because I added 3 and 1 to get 4, and I added 5 and 2 to get 7, and that's how I got 4/7",3,CG,
632,501,:,3/5,1/2,3/5:1/2,3/2,6,11,2008,10,22,18,5,2,3,5,1,2,-99999,3,2,40922,11,0,6,1,1,,,,13907,501,1.2,1.5,0,3/5:1/2,3/2,"I put 3/2 because when you put 1 and the 3, you put 1 in the 3 three times, and when you put 2 in the 5 it goes two times",3,CG,
632,502,:,3/5,2/5,3/5:2/5,1/1,6,11,2008,10,21,41,5,1,3,5,2,5,-99999,1,1,16906,11,0,6,1,1,,,,20125,502,1.5,1,0,3/5:2/5,1/1,"I put 1/1 because I divided 3 and 2 and it can only goes once so I put 1, then I put 5 divided by 5 and it ended up with 1 cause 5 can only go into 5 one time",3,CG,
632,601,*,3/5,2/5,3/5*2/5,6/25,6,11,2008,10,6,45,6,2,3,5,2,5,-99999,6,25,55672,11,0,6,1,1,,,,15265,601,0.24,0.24,1,3/5*2/5,6/25,"I timesed 3 by 2 to get 6, and 5 by 5 to get 25",3,CG,
632,602,*,3/5,1/2,3/5*1/2,4/10,6,11,2008,10,5,14,6,1,3,5,1,2,-99999,4,10,68750,11,0,6,1,1,,,,22234,602,0.3,0.4,0,3/5*1/2,4/10,I timesed 1 by 3 and 5 by 2 to get 4/10,3,CG,
632,701,-,3/5,2/5,3/5-2/5,1/5,6,11,2008,10,24,2,7,2,3,5,2,5,-99999,1,5,26266,11,0,6,1,1,,,,18187,701,0.2,0.2,1,3/5-2/5,1/5,"I first got 1/5 because I minus 3 from 2 to get 1, then I both of the bottoms are 5 so I kept it a 5",1,CG,
632,702,-,3/5,1/2,3/5-1/2,2/3,6,11,2008,10,23,29,7,1,3,5,1,2,-99999,2,3,15907,11,0,6,1,1,,,,17562,702,0.1,0.666666667,0,3/5-1/2,2/3,"I did it this way because when you minus 1 from 3 you end up with 2, and when you 5 minus 2 you get 3, and that's why I got 2/3",3,CG,
633,401,+,3/5,2/5,3/5+2/5,1,6,11,2008,11,42,33,4,2,3,5,2,5,1,-99999,-99999,9172,12,1,6,1,1,,,,14844,401,1,1,1,3/5+2/5,1,"There was no need to change the denominator, and 3 and 2 the numerators added up to be exactly the same as the denominators so the answer was 1",1,CG,
633,402,+,3/5,1/2,3/5+1/2,1 1/10,6,11,2008,11,41,34,4,1,3,5,1,2,1,1,10,39313,12,1,6,1,1,,,,19906,402,1.1,1.1,1,3/5+1/2,1 1/10,"By doing this I found the LCM in 3/5 and 1/2 which was 6/10 and 5/10, and then added them to get 1 1/10",2,CG,
633,501,:,3/5,1/2,3/5:1/2,1 1/5,6,11,2008,11,52,55,5,2,3,5,1,2,1,1,5,44532,12,1,6,1,1,,,,21609,501,1.2,1.2,1,3/5:1/2,1 1/5,"I changed my fractions to decimals, then divided them, and got my answer, changed it back to a fraction and got 1 1/5",20,CG,
633,502,:,3/5,2/5,3/5:2/5,1 1/2,6,11,2008,11,51,14,5,1,3,5,2,5,1,1,2,87250,12,1,6,1,1,,,,13922,502,1.5,1.5,1,3/5:2/5,1 1/2,"I changed the fractions to decimals, and then divided these, and then changed my answer back to a fraction to get my answer",20,CG,
633,601,*,3/5,2/5,3/5*2/5,6/5,6,11,2008,11,54,13,6,1,3,5,2,5,-99999,6,5,29156,12,1,6,1,1,,,,14297,601,0.24,1.2,0,3/5*2/5,6/5,I multiplied the numerator to get 6 and kept the denominators the same to keep the 5ths,1,CG,
633,602,*,3/5,1/2,3/5*1/2,3,6,11,2008,11,54,57,6,2,3,5,1,2,3,-99999,-99999,51297,12,1,6,1,1,,,,27343,602,0.3,3,0,3/5*1/2,3,"I multiplied the fractions into their LCM to get 6/10 multiplied, times 5/10, and then that would equal 30/10, then I simplified this to 3",2,CG,
633,701,-,3/5,2/5,3/5-2/5,1/5,6,11,2008,11,49,47,7,1,3,5,2,5,-99999,1,5,8625,12,1,6,1,1,,,,20094,701,0.2,0.2,1,3/5-2/5,1/5,I figured out that the denominators need not be changed on 3/5 and 2/5 but you must subtract the numerators which were 3 and 2 to equal 1/5 overall,1,CG,
633,702,-,3/5,1/2,3/5-1/2,1/10,6,11,2008,11,50,16,7,2,3,5,1,2,-99999,1,10,16172,12,1,6,1,1,,,,29750,702,0.1,0.1,1,3/5-1/2,1/10,I figured out that 3/5 and 1/2 need to have their denominators and numerators changed to fit the proper fraction so I multiplied 3/5 into 6/10 and 1/2 into 5/10 and then subtracted to get 1/10,2,CG,
636,401,+,3/5,2/5,3/5+2/5,5/10,13,11,2008,9,10,36,4,2,3,5,2,5,-99999,5,10,13828,12,0,6,1,1,,,,8500,401,1,0.5,0,3/5+2/5,5/10,I just added again. 401.,3,DB,
636,402,+,3/5,1/2,3/5+1/2,4/7,13,11,2008,9,9,47,4,1,3,5,1,2,-99999,4,7,34110,12,0,6,1,1,,,,14625,402,1.1,0.571428571,0,3/5+1/2,4/7,"I just added. Really, to be truthful, 3+1. … ",3,DB,
636,501,:,3/5,1/2,3/5:1/2,3/2,13,11,2008,9,28,15,5,2,3,5,1,2,-99999,3,2,30437,12,0,6,1,1,,,,9156,501,1.2,1.5,0,3/5:1/2,3/2,"How could 3 go into 1? That's why I'm kinda like … You can't put 0 I don't think, so I mean … (laughs). I chose that because I divided 3 times 1 and 5 times 2.",3,DB,
636,502,:,3/5,2/5,3/5:2/5,1/1,13,11,2008,9,27,41,5,1,3,5,2,5,-99999,1,1,21125,12,0,6,1,1,,,,13282,502,1.5,1,0,3/5:2/5,1/1,I chose that because I divided 3 times 2 and then I did 5 times .. I mean divided by 5.,3,DB,
636,601,*,3/5,2/5,3/5*2/5,6/10,13,11,2008,9,27,9,6,2,3,5,2,5,-99999,6,10,6781,12,0,6,1,1,,,,8734,601,0.24,0.6,0,3/5*2/5,6/10,I chose that because I multiplied 3 times 2 and 5 times 5.,3,DB,
636,602,*,3/5,1/2,3/5*1/2,3/10,13,11,2008,9,26,52,6,1,3,5,1,2,-99999,3,10,9860,12,0,6,1,1,,,,7125,602,0.3,0.3,1,3/5*1/2,3/10,I chose that because I divided 3 times 1 and then I divided 5 times 10.,3,DB,
636,701,-,3/5,2/5,3/5-2/5,1/1,13,11,2008,9,25,35,7,1,3,5,2,5,-99999,1,1,26797,12,0,6,1,1,,,,11750,701,0.2,1,0,3/5-2/5,1/1,I subtracted 3 minus 2 and 5 minus 5. I don't think you can put a 0.,3,DB,
636,702,-,3/5,1/2,3/5-1/2,2/3,13,11,2008,9,26,13,7,2,3,5,1,2,-99999,2,3,8359,12,0,6,1,1,,,,12141,702,0.1,0.666666667,0,3/5-1/2,2/3,I chose 2/3 because I subtracted 3 minus 1 and then I subtracted 5 minus 2.,3,DB,
638,401,+,3/5,2/5,3/5+2/5,1,13,11,2008,10,9,34,4,2,3,5,2,5,1,-99999,-99999,39203,11,0,6,1,1,,,,29625,401,1,1,1,3/5+2/5,1,"I added 3/5 and 2/5 and got 1 because I left the denominator 5 and 5 alone which gave me 5, and added the 3 and 2 of the numerator which got 5 also, and that would even out to 1",1,CG,
638,402,+,3/5,1/2,3/5+1/2,4/7,13,11,2008,10,8,40,4,1,3,5,1,2,-99999,4,7,28890,11,0,6,1,1,,,,25641,402,1.1,0.571428571,0,3/5+1/2,4/7,"I added 3/5 and 1/2 and got 4/7 because I added the denominators 5 and 2 to get 7, and added the numerators 3 and 1 to get 4",3,CG,
638,501,:,3/5,1/2,3/5:1/2,1 3/4,13,11,2008,10,22,23,5,1,3,5,1,2,1,3,4,59953,11,0,6,1,1,,,,33922,501,1.2,1.75,0,3/5:1/2,1 3/4,"I divided 3/5 by 1/2 and got 1 3/4 because 3 divided by 1 is 3, and 5 divided by 2 I have as 4 and I took the remainder and used it for the whole",3,CG,
638,502,:,3/5,2/5,3/5:2/5,1/5,13,11,2008,10,23,57,5,2,3,5,2,5,-99999,1,5,28828,11,0,6,1,1,,,,22468,502,1.5,0.2,0,3/5:2/5,1/5,"I have 3/5 divided by 2/5 equalling 1/5 because I left the 5 alone, and divided 3 by 2 giving me 1",1,CG,
638,601,*,3/5,2/5,3/5*2/5,1/2,13,11,2008,10,7,5,6,2,3,5,2,5,-99999,1,2,50313,11,0,6,1,1,,,,29672,601,0.24,0.5,0,3/5*2/5,1/2,"I multiplied 3/5 times 2/5 and got 1/2 because I multiplied each number by 1 and got 5/10, so then I split the fraction in half and got 1/2",20,CG,
638,602,*,3/5,1/2,3/5*1/2,8/14,13,11,2008,10,5,13,6,1,3,5,1,2,-99999,8,14,87188,11,0,6,1,1,,,,24468,602,0.3,0.571428571,0,3/5*1/2,8/14,I multiplied 3/5 times 1/2 and got 8/14 because I multiplied it every number by 2 and got 8/14,20,CG,
638,701,-,3/5,2/5,3/5-2/5,1/5,13,11,2008,9,56,45,7,1,3,5,2,5,-99999,1,5,43672,11,0,6,1,1,,,,30813,701,0.2,0.2,1,3/5-2/5,1/5,"First I took the numerators and subtracted them, 3 and 2 to get 1, and then I took the denominators and I kept them the same since they're both 5's and made it 1/5",1,CG,
638,702,-,3/5,1/2,3/5-1/2,2/3,13,11,2008,9,57,59,7,2,3,5,1,2,-99999,2,3,39093,11,0,6,1,1,,,,23360,702,0.1,0.666666667,0,3/5-1/2,2/3,"First I took the numerators 3 and 1, and subtracted 1 from 3 to get 2, and then I took the denominators 5 and 2 to get 3, and I ended up with 2/3",3,CG,
639,401,+,3/5,2/5,3/5+2/5,5/5,13,11,2008,11,40,43,4,2,3,5,2,5,-99999,5,5,19437,11,1,6,1,1,,,,11234,401,1,1,1,3/5+2/5,5/5,"I took the lowest common denominator, which was 5, then added 3 plus 2 to get 5",1,CG,
639,402,+,3/5,1/2,3/5+1/2,1/2,13,11,2008,11,39,39,4,1,3,5,1,2,-99999,1,2,58891,11,1,6,1,1,,,,5391,402,1.1,0.5,0,3/5+1/2,1/2,"I did not know this answer, so I took my best guess",10,CG,
639,501,:,3/5,1/2,3/5:1/2,3/4,13,11,2008,11,32,47,5,1,3,5,1,2,-99999,3,4,67375,11,1,6,1,1,,,,28047,501,1.2,0.75,0,3/5:1/2,3/4,"First I took 3/5 divided by 1/2 to get the lowest common denominator, which was 4, then I took 4 and multiplied 4 times 1 and 4 times 3, to get 12 and 4, then I took 12 divided by 4 to get 3",2,CG,
639,502,:,3/5,2/5,3/5:2/5,6/5,13,11,2008,11,34,22,5,2,3,5,2,5,-99999,6,5,9891,11,1,6,1,1,,,,13375,502,1.5,1.2,0,3/5:2/5,6/5,"I took the lowest common denominator, which was 5, then I multiplied 2 times 3 to get 6",1,CG,
639,601,*,3/5,2/5,3/5*2/5,1/2,13,11,2008,11,24,28,6,1,3,5,2,5,-99999,1,2,88079,11,1,6,1,1,,,,9718,601,0.24,0.5,0,3/5*2/5,1/2,"I did not know this answer, so I took my best guess",10,CG,
639,602,*,3/5,1/2,3/5*1/2,3/5,13,11,2008,11,26,6,6,2,3,5,1,2,-99999,3,5,29703,11,1,6,1,1,,,,5329,602,0.3,0.6,0,3/5*1/2,3/5,I did not know this answer,10,CG,
639,701,-,3/5,2/5,3/5-2/5,6/5,13,11,2008,11,28,41,7,2,3,5,2,5,-99999,6,5,12875,11,1,6,1,1,,,,27656,701,0.2,1.2,0,3/5-2/5,6/5,"I took the lowest common denominator, which was 5, then I multiplied 3 times 2 to get, wait I messed up. I multiplied 3 times 2 to get 6, but I should've added 3 plus 2 to get 5",1,CG,
639,702,-,3/5,1/2,3/5-1/2,4/4,13,11,2008,11,27,0,7,1,3,5,1,2,-99999,4,4,68578,11,1,6,1,1,,,,31844,702,0.1,1,0,3/5-1/2,4/4,"I did not know this answer, so I took my best guess. First I subtracted 3/5 and 1/2 to get the lowest common denominator, 4, and  then I multiplied 20 times 8 to get 160, then I divided 160 by 4",2,CG,
640,401,+,3/5,2/5,3/5+2/5,1,13,11,2008,24,50,30,4,2,3,5,2,5,1,-99999,-99999,7625,12,1,6,1,1,,,,21844,401,1,1,1,3/5+2/5,1,"I got one whole as my fraction because 3 plus 2 equals 5, and 5 plus 5 equals 0, and a fraction, or 5 I mean and a fraction, and if you add them together it'd equal one whole",1,CG,
640,402,+,3/5,1/2,3/5+1/2,4/7,13,11,2008,24,50,3,4,1,3,5,1,2,-99999,4,7,13000,12,1,6,1,1,,,,13469,402,1.1,0.571428571,0,3/5+1/2,4/7,"I got 4/7 by adding 3 to 1, and 5 to 2, which equals 4/7",3,CG,
640,501,:,3/5,1/2,3/5:1/2,3,13,11,2008,24,34,34,5,1,3,5,1,2,3,-99999,-99999,73094,12,1,6,1,1,,,,32719,501,1.2,3,0,3/5:1/2,3,"I divided 3 divided by 1 which equals 1, or 3, and 5 divided by 2 which equals 2 remainder 1 so I added 3 plus 2 and I divided 3 and 2 and I got 2 remainder 1",20,CG,
640,502,:,3/5,2/5,3/5:2/5,2 1/2,13,11,2008,24,36,20,5,2,3,5,2,5,2,1,2,60641,12,1,6,1,1,,,,34281,502,1.5,2.5,0,3/5:2/5,2 1/2,"I divided 3 by 3 and that equaled, 2 divided by 3 and that equaled 1 remainder 1, and  then I divided 5 by 5 and that equaled 1, and then I added 1 and 1 together and that equaled 2 and remainder, so it would be 2, and I thought it should be 2 and 1",20,CG,
640,601,*,3/5,2/5,3/5*2/5,6/25,13,11,2008,24,51,22,6,1,3,5,2,5,-99999,6,25,14062,12,1,6,1,1,,,,14328,601,0.24,0.24,1,3/5*2/5,6/25,"I got 6/25 because I multiplied 3 times 2 and that equals 6, and 5 times 5 equals 25, to get 6/25",3,CG,
640,602,*,3/5,1/2,3/5*1/2,3/10,13,11,2008,24,51,51,6,2,3,5,1,2,-99999,3,10,8844,12,1,6,1,1,,,,15500,602,0.3,0.3,1,3/5*1/2,3/10,"I got 3/10 by multiplying 1 by 2, and 5 by 2, and that equals 3",3,CG,
640,701,-,3/5,2/5,3/5-2/5,1,13,11,2008,24,43,44,7,2,3,5,2,5,1,-99999,-99999,28266,12,1,6,1,1,,,,13484,701,0.2,1,0,3/5-2/5,1,"I got one whole because I subtracted 2 from 3 and that equals 1, and 5 minus 5, and that equals 0, so I thought it was one half, I mean one whole",3,CG,
640,702,-,3/5,1/2,3/5-1/2,2/3,13,11,2008,24,43,7,7,1,3,5,1,2,-99999,2,3,22453,12,1,6,1,1,,,,14531,702,0.1,0.666666667,0,3/5-1/2,2/3,"I got 2/3 because I subtracted 3 from 1 and that equals 2, and I subtracted 5 from 2 and that equals 3",3,CG,
641,401,+,3/5,2/5,3/5+2/5,5/5,13,11,2008,13,19,11,4,1,3,5,2,5,-99999,5,5,12547,11,0,6,1,1,,,,9953,401,1,1,1,3/5+2/5,5/5,3/5 plus 2/5 equals 5/5 because 3/5 plus 2/5 would also equal one whole,1,CG,
641,402,+,3/5,1/2,3/5+1/2,4/7,13,11,2008,13,19,34,4,2,3,5,1,2,-99999,4,7,9562,11,0,6,1,1,,,,13454,402,1.1,0.571428571,0,3/5+1/2,4/7,"3/5 plus 1/2 equals 4/7 because in addition, the bottom number doesn't matter, they don't need to be the same number",3,CG,
641,501,:,3/5,1/2,3/5:1/2,1 3/2,13,11,2008,13,12,32,5,2,3,5,1,2,1,3,2,89437,11,0,6,1,1,,,,22110,501,1.2,2.5,0,3/5:1/2,1 3/2,"I decided that 3/5 divided by 1/2 equals 1 3/2 because when you divide 5 by 2 which would give you a remainder of 1 which give you the 1, and then 5 divided by 2 would also equal 2, and then 3 divided by 1 was 3",3,CG,
641,502,:,3/5,2/5,3/5:2/5,1/1,13,11,2008,13,12,5,5,1,3,5,2,5,-99999,1,1,10079,11,0,6,1,1,,,,16968,502,1.5,1,0,3/5:2/5,1/1,I decided that 3/5 divided by 2/5 was one whole because the 5 was the same on each fraction on the bottom so you can go ahead and divided 3 by 2 and 5 by 5 which gave me 1 on each side,3,CG,
641,601,*,3/5,2/5,3/5*2/5,6/5,13,11,2008,13,10,43,6,1,3,5,2,5,-99999,6,5,15688,11,0,6,1,1,,,,13562,601,0.24,1.2,0,3/5*2/5,6/5,"5 and 5 are equal numbers so you can just go ahead and multiply 3 times 2, which is 6",1,CG,
641,602,*,3/5,1/2,3/5*1/2,3/10,13,11,2008,13,11,12,6,2,3,5,1,2,-99999,3,10,15906,11,0,6,1,1,,,,21969,602,0.3,0.3,1,3/5*1/2,3/10,"I decided that 3/5 times 1/2 equals 3/10 because 5 and 2 are not equal numbers but one number they could both be multiplied by is 10, and then you had an equal number on each fraction so then you can go ahead and multiply 3 and 1 which gave me 3/10",3,CG,
641,701,-,3/5,2/5,3/5-2/5,1/5,13,11,2008,13,20,14,7,1,3,5,2,5,-99999,1,5,9235,11,0,6,1,1,,,,19500,701,0.2,0.2,1,3/5-2/5,1/5,3/5 subtracted by 2/5 equals 1/5 because when you subtract 2/5 from 3/5 you'd get 1/5 because the bottom number was equal on both sides and then you can go ahead and subtract without having to figure out the same number,3,CG,
641,702,-,3/5,1/2,3/5-1/2,2/3,13,11,2008,13,20,42,7,2,3,5,1,2,-99999,2,3,20015,11,0,6,1,1,,,,20375,702,0.1,0.666666667,0,3/5-1/2,2/3,"3/5 minus 1/2 equals 2/3 because there is no number that can be subtracted by both or divided by both 5 and 2, so I chose the number almost in between so I could go ahead and subtract 1 from 3",3,CG,
642,401,+,3/5,2/5,3/5+2/5,7/8,14,11,2008,8,17,48,4,1,3,5,2,5,-99999,7,8,30906,11,0,6,1,1,,,,15750,401,1,0.875,0,3/5+2/5,7/8,"First I added 5 plus 2 from across from each other, then I added 5 plus 3 that are across from each other and got 7/8",6,CG,
642,402,+,3/5,1/2,3/5+1/2,6/5,14,11,2008,8,18,34,4,2,3,5,1,2,-99999,6,5,59234,11,0,6,1,1,,,,19907,402,1.1,1.2,0,3/5+1/2,6/5,"First I added 5 to 1 and got 6 for the topnumber, and then I added 2 to 3 for the bottom number, and then I got an improper fraction of 6/5",6,CG,
642,501,:,3/5,1/2,3/5:1/2,3/2,14,11,2008,8,14,38,5,1,3,5,1,2,-99999,3,2,69187,11,0,6,1,1,,,,22203,501,1.2,1.5,0,3/5:1/2,3/2,"First I divided 2 into 5 and I got 2 for the bottom, and then I divided 1 into 3 and got 3 for the top, so I got an improper fraction of 3/2",3,CG,
642,502,:,3/5,2/5,3/5:2/5,1,14,11,2008,8,16,9,5,2,3,5,2,5,1,-99999,-99999,61750,11,0,6,1,1,,,,15016,502,1.5,1,0,3/5:2/5,1,"I saw that 5 goes into 5 once for the bottom, and then 2 goes into 3 once for the top and figured that it was one whole",3,CG,
642,601,*,3/5,2/5,3/5*2/5,2/3,14,11,2008,8,12,7,6,2,3,5,2,5,-99999,2,3,104031,11,0,6,1,1,,,,20547,601,0.24,0.666666667,0,3/5*2/5,2/3,"I multiplied 5 times 2, and I got 10 for the top, and then I multiplied 3 times 5 and got 15 for the bottom, then I saw it could be simplified and so I divided it into 5 and got 2/3",6,CG,
642,602,*,3/5,1/2,3/5*1/2,5/6,14,11,2008,8,10,40,6,1,3,5,1,2,-99999,5,6,60485,11,0,6,1,1,,,,25875,602,0.3,0.833333333,0,3/5*1/2,5/6,"I saw that I had to multiply 5 times 1 which got me 5 so I put it in the top, and then I had to multiply 2 times 3, I got 6 and I put it on the bottom",6,CG,
642,701,-,3/5,2/5,3/5-2/5,3/2,14,11,2008,8,25,32,7,1,3,5,2,5,-99999,3,2,31859,11,0,6,1,1,,,,13485,701,0.2,1.5,0,3/5-2/5,3/2,"First I subtracted 2 away from 5 to get the top number of 3, and then I subtracted 3 away from 5 to get a bottom  number of 2 ",6,CG,
642,702,-,3/5,1/2,3/5-1/2,4/1,14,11,2008,8,26,17,7,2,3,5,1,2,-99999,4,1,40109,11,0,6,1,1,,,,13703,702,0.1,4,0,3/5-1/2,4/1,"First I subtracted 1 from 5 to get a top number of 4, and then I subtracted 2 from 3 to get a bottom number of 1",6,CG,
643,401,+,3/5,2/5,3/5+2/5,1,14,11,2008,9,31,48,4,2,3,5,2,5,1,-99999,-99999,39718,11,0,6,1,1,,,,21610,401,1,1,1,3/5+2/5,1,"First I added 3 plus 2 which equals 5, and I got 5/5, and that's one whole",1,CG,*Did not say trial numbers
643,402,+,3/5,1/2,3/5+1/2,1 1/10,14,11,2008,9,30,34,4,1,3,5,1,2,1,1,10,72328,11,0,6,1,1,,,,2469,402,1.1,1.1,1,3/5+1/2,1 1/10,I multiplied 3/5 by 2 to get 6/10 and I multiplied 1/2 by 5 and got 5/10 and I added that to get 11/10,2,CG,
643,501,:,3/5,1/2,3/5:1/2,3/10,14,11,2008,9,20,8,5,2,3,5,1,2,-99999,3,10,128235,11,0,6,1,1,,,,3703,501,1.2,0.3,0,3/5:1/2,3/10,It was just a guess,10,CG,*5:03
643,502,:,3/5,2/5,3/5:2/5,1/5,14,11,2008,9,17,58,5,1,3,5,2,5,-99999,1,5,124406,11,0,6,1,1,,,,5484,502,1.5,0.2,0,3/5:2/5,1/5,"I picked this as a guess.  I tried multiplying to see if anything would change, 12/10 you can't divide that, 5 you can't…yeah",10,CG,*5:10
643,601,*,3/5,2/5,3/5*2/5,6/25,14,11,2008,9,28,28,6,1,3,5,2,5,-99999,6,25,56156,11,0,6,1,1,,,,13312,601,0.24,0.24,1,3/5*2/5,6/25,"For this problem I multiplied 3 by 2 which equals 6, and 5 by 5 which equals 25, that is 6/25",3,CG,
643,602,*,3/5,1/2,3/5*1/2,3/10,14,11,2008,9,29,37,6,2,3,5,1,2,-99999,3,10,27422,11,0,6,1,1,,,,12906,602,0.3,0.3,1,3/5*1/2,3/10,I multiplied 3/5 by 1/2 and got 3/10.  ,3,CG,
643,701,-,3/5,2/5,3/5-2/5,1/5,14,11,2008,9,12,0,7,2,3,5,2,5,-99999,1,5,10657,11,0,6,1,1,,,,7078,701,0.2,0.2,1,3/5-2/5,1/5,I subtracted 3/5 subtract 2/5 and got 1/5,1,CG,
643,702,-,3/5,1/2,3/5-1/2,1/10,14,11,2008,9,10,43,7,1,3,5,1,2,-99999,1,10,56047,11,0,6,1,1,,,,20985,702,0.1,0.1,1,3/5-1/2,1/10,"I multiplied 3/5 by 2 and 1/2 by 5, and I got 6/10, subtract 5/10, and that equals 1/10",2,CG,
809,401,+,3/5,2/5,3/5+2/5,1,2,10,2008,10,3,53,4,2,3,5,2,5,1,-99999,-99999,16813,13,0,8,1,1,,,,10703,401,1,1,1,3/5+2/5,1,"For trial 401, I got…you do not have to find a common demonitor so you just add it across and I got 5 and 5/1 and I simplified it out and got 1.",1,LA,
809,402,+,3/5,1/2,3/5+1/2,1 1/10,2,10,2008,10,3,3,4,1,3,5,1,2,1,1,10,28532,13,0,8,1,1,,,,21812,402,1.1,1.1,1,3/5+1/2,1 1/10,"For trial 402, I found a common denominator and it would be 10 and I took 5 and I times'ed it by 2 and 3 by 2. And I took the 2 and times'ed it by 5 and 1 by 2. I got 10 for... first of all I got 11 over 10 and simpliifed it out and got 1 1/10. ",2,LA,
809,501,:,3/5,1/2,3/5:1/2,1/10,2,10,2008,10,11,33,5,1,3,5,1,2,-99999,1,10,76547,13,0,8,1,1,,,,13719,501,1.2,0.1,0,3/5:1/2,1/10,"For trial 501, I divided 3 by 1 and I got 1 and I multipled 5 times 2 and got 10 and got 1/10. I did that wrong.",3,LA,
809,502,:,3/5,2/5,3/5:2/5,1/5,2,10,2008,10,13,3,5,2,3,5,2,5,-99999,1,5,14750,13,0,8,1,1,,,,9578,502,1.5,0.2,0,3/5:2/5,1/5,"For trial 502, I divided 3 divided by 2 and I got 1 and for 5 that would be your common denimonator and I got 1/5.",1,LA,
809,601,*,3/5,2/5,3/5*2/5,6/25,2,10,2008,9,57,14,6,1,3,5,2,5,-99999,6,25,25266,13,0,8,1,1,,,,14765,601,0.24,0.24,1,3/5*2/5,6/25,"I multiplied 5, or 3 times 2 to get 6 and 5 times 5 to get 25. And you cannot simplify it.",3,LA,
809,602,*,3/5,1/2,3/5*1/2,3/10,2,10,2008,9,57,54,6,2,3,5,1,2,-99999,3,10,20969,13,0,8,1,1,,,,9203,602,0.3,0.3,1,3/5*1/2,3/10,"For trial 602, I multiplied 3 times 1 to get 3 and 5 times 2 to get 10. And it cannot be simplified.",3,LA,
809,701,-,3/5,2/5,3/5-2/5,1/5,2,10,2008,10,10,3,7,1,3,5,2,5,-99999,1,5,11515,13,0,8,1,1,,,,12047,701,0.2,0.2,1,3/5-2/5,1/5,"For trial 701, I got the answer 1/5 because I subtracted 3 minus 2 and I got 1 and 5 minus 5…well, 5 would be your common denominator.",1,LA,
809,702,-,3/5,1/2,3/5-1/2,1/10,2,10,2008,10,10,27,7,2,3,5,1,2,-99999,1,10,31141,13,0,8,1,1,,,,24609,702,0.1,0.1,1,3/5-1/2,1/10,"For trial 702, I found a common denominator which would be 10, I, times 5 times 2 and I multiplied 2 times 5 and that would be the common denominator . And 3 times 2 is 6 and 1 times 2, or 1 times 5 is 5. And I subtracted it and got 1/10.",2,LA,
810,401,+,3/5,2/5,3/5+2/5,5/5,3,10,2008,8,16,14,4,1,3,5,2,5,-99999,5,5,9141,13,0,8,1,1,,,,7468,401,1,1,1,3/5+2/5,5/5,"Um, for trial 401, I added…I added across since they already had common denominoator and got 5 over 5. ",1,LA,
810,402,+,3/5,1/2,3/5+1/2,1 1/10,3,10,2008,8,16,30,4,2,3,5,1,2,1,1,10,40906,13,0,8,1,1,,,,8391,402,1.1,1.1,1,3/5+1/2,1 1/10,"Um, I found a common denominator and then added across and then you can' t have an improper fraction as an answer so I turned it into a mixed number, for 402.",2,LA,
810,501,:,3/5,1/2,3/5:1/2,2 1/2,3,10,2008,8,12,5,5,1,3,5,1,2,2,1,2,30594,13,0,8,1,1,,,,12141,501,1.2,2.5,0,3/5:1/2,2 1/2,I divided them across. Is that it?,3,LA,
810,502,:,3/5,2/5,3/5:2/5,1/1,3,10,2008,8,12,48,5,2,3,5,2,5,-99999,1,1,8968,13,0,8,1,1,,,,7438,502,1.5,1,0,3/5:2/5,1/1,"For trial 502, I divided the 3 and the 2 and the 5 and the 5.",3,LA,
810,601,*,3/5,2/5,3/5*2/5,6/25,3,10,2008,8,20,52,6,1,3,5,2,5,-99999,6,25,9531,13,0,8,1,1,,,,7984,601,0.24,0.24,1,3/5*2/5,6/25,"For trial 601, I just multiplied across. 3 over... 3 dividi… 3 times 2 is 6, 5 times 5 is 25. ",3,LA,
810,602,*,3/5,1/2,3/5*1/2,2/5,3,10,2008,8,21,10,6,2,3,5,1,2,-99999,2,5,12937,13,0,8,1,1,,,,5750,602,0.3,0.4,0,3/5*1/2,2/5,"For trial 602, I just multiplied across and simplified my answer to 2/5.",3,LA,
810,701,-,3/5,2/5,3/5-2/5,1,3,10,2008,8,13,24,7,2,3,5,2,5,1,-99999,-99999,16422,13,0,8,1,1,,,,7265,701,0.2,1,0,3/5-2/5,1,"Um, I subtracted the 3 and the 2 to get the whole number 1 because 5 over 5 is 1, for trial 701. ",1,LA,
810,702,-,3/5,1/2,3/5-1/2,2/3,3,10,2008,8,13,16,7,1,3,5,1,2,-99999,2,3,5266,13,0,8,1,1,,,,3656,702,0.1,0.666666667,0,3/5-1/2,2/3,I subtracted across for trial 702. ,3,LA,
811,401,+,3/5,2/5,3/5+2/5,1,2,10,2008,8,22,39,4,1,3,5,2,5,1,-99999,-99999,18906,14,1,8,1,1,,,,17891,401,1,1,1,3/5+2/5,1,"For trial 401, uh again since I had common denominator I added the numerators and got 5 over 5 and a simplified version of 5 over 5 would be 1 so that was my answer.",1,LA,
811,402,+,3/5,1/2,3/5+1/2,1 1/10,2,10,2008,8,23,16,4,2,3,5,1,2,1,1,10,73672,14,1,8,1,1,,,,23062,402,1.1,1.1,1,3/5+1/2,1 1/10,"Uh for trial 402, I found common denominators uh and when I multiplied got 6/10 for the first fraction and 5/10 for the second. Uh when I added the numerators I got 11/10 and switched that to a mixed number giving me 1 and 1/10.",2,LA,
811,501,:,3/5,1/2,3/5:1/2,6/5,2,10,2008,8,39,48,5,2,3,5,1,2,-99999,6,5,27469,14,1,8,1,1,,,,24000,501,1.2,1.2,1,3/5:1/2,6/5,"Um for 501, uh I did the same method with multiplying by the reciprocal of the second fraction uh and I got fi…6 over 5 and I couldn't simpli..well yea I could've made it a mixed number but I left it as an improper fraction again.",5,LA,
811,502,:,3/5,2/5,3/5:2/5,3/2,2,10,2008,8,38,43,5,1,3,5,2,5,-99999,3,2,28219,14,1,8,1,1,,,,36250,502,1.5,1.5,1,3/5:2/5,3/2,"Uh for trial 502, um what I did was took the first fraction and to divide it by the second I flipped the second one to 5 over 2 and multiplied. Then I multiplied across and got 15 over 10 and when I simpified that it was 3 over 2. I couldn've probably made that a mixed number but I just left it as an improper.",5,LA,
811,601,*,3/5,2/5,3/5*2/5,6/25,2,10,2008,8,35,53,6,1,3,5,2,5,-99999,6,25,71110,14,1,8,1,1,,,,27578,601,0.24,0.24,1,3/5*2/5,6/25,"For trial 601, uh the two thoughts I was having is to multiply the numerators and denominoators to get my answer. And the other was to cross multiply the 5 and the 2 and the 3 and the 5 but uh I had a stronger feeling it was the first method so that is what I put as my answer.",3,LA,
811,602,*,3/5,1/2,3/5*1/2,3/10,2,10,2008,8,37,31,6,2,3,5,1,2,-99999,3,10,34609,14,1,8,1,1,,,,20125,602,0.3,0.3,1,3/5*1/2,3/10,"Um, for 602, uh I, there is… something told me you don't need common denominators when multiplying fractions. So I multiplied across the numerators and the denominators giving me the answer.",3,LA,
811,701,-,3/5,2/5,3/5-2/5,1/5,2,10,2008,8,20,41,7,1,3,5,2,5,-99999,1,5,23750,14,1,8,1,1,,,,15063,701,0.2,0.2,1,3/5-2/5,1/5,"For trial 701, since, um, the two fractions have common denominators, I had to go ahead in my mind to just subtract the top. Giving me 1/5. ",1,LA,
811,702,-,3/5,1/2,3/5-1/2,1/10,2,10,2008,8,21,19,7,2,3,5,1,2,-99999,1,10,28125,14,1,8,1,1,,,,37094,702,0.1,0.1,1,3/5-1/2,1/10,"Um, for trial 702, uh since they.. The 5 and the 2 are not common denominators, I had to find it which would be 10. Um so to get uh 10 for the first fraction, multiplied both sides by 2 giving me 10 on the botom and 6 on the top. And for the second one, multiplied both by 5 giving me 10 on the bottom, 5 on the top.  And when I had common denominators, I subracted 6 minus 5 and got 1 over 10.",2,LA,
813,401,+,3/5,2/5,3/5+2/5,1,7,10,2008,9,35,15,4,1,3,5,2,5,1,-99999,-99999,7297,13,1,8,1,1,1650,1702,,21281,401,1,1,1,3/5+2/5,1,equals one whole because the 5s cancel out each other and it would be part of the fraction and 3 plus 2 would be 5 over 5 and that would be one whole.,1,,
813,402,+,3/5,1/2,3/5+1/2,1 1/10,7,10,2008,9,35,43,4,2,3,5,1,2,1,1,10,24281,13,1,8,1,1,1650,1702,,36703,402,1.1,1.1,1,3/5+1/2,1 1/10,would equal 1 1/10 because 3/5 would equal 6/10 and 1/2 would equal 5/10 and the 10s cancel out on each other and would still be the denominator for the answer and 6 plus 5 would equal 11 and that would be changed to 1 1/10.,2,,
813,501,:,3/5,1/2,3/5:1/2,1 1/5,7,10,2008,9,17,10,5,1,3,5,1,2,1,1,5,60375,13,1,8,1,1,1650,1702,,34313,501,1.2,1.2,1,3/5:1/2,1 1/5,I used the criss-cross method. 3 times 2 would equal 6 and 5 times 1 would equal 5 and that new fraction would be 1 1/5. … would go to the numerator and the 5 times 1 would go to the denominator.,6,,
813,502,:,3/5,2/5,3/5:2/5,1 1/2,7,10,2008,9,18,44,5,2,3,5,2,5,1,1,2,27938,13,1,8,1,1,1650,1702,,20281,502,1.5,1.5,1,3/5:2/5,1 1/2,"I did the criss-cross method again. 3 times 5 would equal 15, it would go in the numerator, 5 times 2 would equal 10, it would go in the denominator. The new fraction would be 1 5/10, and reduce that to 1 1/2.",6,,
813,601,*,3/5,2/5,3/5*2/5,6/25,7,10,2008,9,36,55,6,1,3,5,2,5,-99999,6,25,15765,13,1,8,1,1,1650,1702,,20000,601,0.24,0.24,1,3/5*2/5,6/25,equals 6/25 because I just multiplied across 3 times 2 and 5 times 5.,3,,
813,602,*,3/5,1/2,3/5*1/2,3/10,7,10,2008,9,37,31,6,2,3,5,1,2,-99999,3,10,25016,13,1,8,1,1,1650,1702,,13421,602,0.3,0.3,1,3/5*1/2,3/10,equals 3/10 because I just multiplied across 3 times 1 equals 3 and 5 times 2 equals 10.,3,,
813,701,-,3/5,2/5,3/5-2/5,1/5,7,10,2008,9,19,51,7,1,3,5,2,5,-99999,1,5,18735,13,1,8,1,1,1650,1702,,27046,701,0.2,0.2,1,3/5-2/5,1/5,"… would equal 1/5 because the 5s would cancel out each other and would stay the same, for the denominator, and 3 minus 2 would equal 1.",1,,
813,702,-,3/5,1/2,3/5-1/2,1/10,7,10,2008,9,20,37,7,2,3,5,1,2,-99999,1,10,17641,13,1,8,1,1,1650,1702,,16578,702,0.1,0.1,1,3/5-1/2,1/10,I changed 3/5 to 6/10 and 1/2 to 5/10 and 6/10 minus 5/10 would equal 1/10.,2,,
814,401,+,3/5,2/5,3/5+2/5,5/10,9,10,2008,10,19,44,4,2,3,5,2,5,-99999,5,10,14421,14,1,8,1,1,1692,1608,,3813,401,1,0.5,0,3/5+2/5,5/10,"I would do 5 plus 5 which is 10 and then I'd do 3 plus 2 which is 5 so it would be 1/2, or 5/10.",3,LA,
814,402,+,3/5,1/2,3/5+1/2,4/7,9,10,2008,10,19,21,4,1,3,5,1,2,-99999,4,7,19500,14,1,8,1,1,1692,1608,,3079,402,1.1,0.571428571,0,3/5+1/2,4/7,I would do 5 plus 2 which would be 7 and 3 plus 1 so it would be 4/7.,3,LA,
814,501,:,3/5,1/2,3/5:1/2,1/10,9,10,2008,10,18,39,5,2,3,5,1,2,-99999,1,10,25235,14,1,8,1,1,1692,1608,,2375,501,1.2,0.1,0,3/5:1/2,1/10,I would do 5 times 2 which would be 10 and then I would do 3 times 2 which would be 6 over 10 and 5 over 10 and I guess 1/10.,2,LA,
814,502,:,3/5,2/5,3/5:2/5,1/5,9,10,2008,10,17,50,5,1,3,5,2,5,-99999,1,5,45453,14,1,8,1,1,1692,1608,,2938,502,1.5,0.2,0,3/5:2/5,1/5,"I would just do 3 divided by 2 … well no, I'd do 3/5 divided by 2/5, and that would be I guess 1/5. I'm not too good with dividing fractions. I don't know, it's probably wrong. I just subtracted.",1,LA,
814,601,*,3/5,2/5,3/5*2/5,150/25,9,10,2008,10,5,51,6,2,3,5,2,5,-99999,150,25,27140,14,1,8,1,1,1692,1608,,3203,601,0.24,6,0,3/5*2/5,150/25,"I would make the denominators equal so I would do 5 times 5, that's 25, 3 times 5, that's 15. And then 5 times 2 is 10, 15 times 10 is 150, so it would be 150/25.",2,LA,
814,602,*,3/5,1/2,3/5*1/2,30/10,9,10,2008,10,4,52,6,1,3,5,1,2,-99999,30,10,56937,14,1,8,1,1,1692,1608,,1563,602,0.3,3,0,3/5*1/2,30/10,"So first I would make them equal so I'd do 5 times 2 which would be 10. Then I multiplied 3 by 2 which would make it 6/10. And then that by 5 which would make it 5/10. So it would be 6/10 plus 5/10 and that's 11/10 so that would be 1 1/10. … Wait, then it'd be 6 times 5 which would be 30.",2,LA,
814,701,-,3/5,2/5,3/5-2/5,1/5,9,10,2008,10,6,36,7,1,3,5,2,5,-99999,1,5,16797,14,1,8,1,1,1692,1608,,3000,701,0.2,0.2,1,3/5-2/5,1/5,First I would subtract 3 minus 2 so it would be 1/5.,1,LA,
814,702,-,3/5,1/2,3/5-1/2,1/10,9,10,2008,10,6,55,7,2,3,5,1,2,-99999,1,10,26156,14,1,8,1,1,1692,1608,,1735,702,0.1,0.1,1,3/5-1/2,1/10,"5 times 2 to make the denominators equal which would make it 10. 2 times 3 to make it 6 and then 5 times 1 would make it 5, so it'd be 6/10 and 5/10. I take 5 out of 6 which would make it 1/10.",2,LA,
815,401,+,3/5,2/5,3/5+2/5,1,25,9,2008,10,15,54,4,1,3,5,2,5,1,-99999,-99999,22656,13,0,8,1,1,,,,21140,401,1,1,1,3/5+2/5,1,"I decided that in trial 401, I needed to make sure that the denominators of the fractions were the same and they were so I added the numerators together and kept the denominator the same and it came out to be 5 over 5 so I simplified it to 1.",2,LA,
815,402,+,3/5,1/2,3/5+1/2,11/10,25,9,2008,10,16,38,4,2,3,5,1,2,-99999,11,10,23172,13,0,8,1,1,,,,17672,402,1.1,1.1,1,3/5+1/2,11/10,"I decided that in trial 402, I needed to make sure that the denominators were the same and they weren't so I had to find a common decominator which was 10. And then I added the numerators together to get 11 over 10.",2,LA,
815,501,:,3/5,1/2,3/5:1/2,6/5,25,9,2008,10,14,2,5,1,3,5,1,2,-99999,6,5,32109,13,0,8,1,1,,,,19844,501,1.2,1.2,1,3/5:1/2,6/5,"I decided that in trial 105, in order to divide the fracton, I had to find the reciprocol of the second fraction which would make 1/2 2 over 1 then I mulitplied the numer.. Numerators and denominators together and that equaledto get 6 over 5.",5,LA,
815,502,:,3/5,2/5,3/5:2/5,15/10,25,9,2008,10,14,54,5,2,3,5,2,5,-99999,15,10,24953,13,0,8,1,1,,,,18641,502,1.5,1.5,1,3/5:2/5,15/10,"I decided that in trial 502, in order to solve a division fraction problem, I had to find the reciprocol of the second fraction which was then equal to 5 over 2 and I multipled my numerators and denominators and came up with 15 over 10.",5,LA,
815,601,*,3/5,2/5,3/5*2/5,6/25,25,9,2008,10,0,11,6,1,3,5,2,5,-99999,6,25,9375,13,0,8,1,1,,,,15578,601,0.24,0.24,1,3/5*2/5,6/25,"For trial 601, my answer was 6 over 25 because I multiplied the numerators which were 3 times 2 equals 6 and the denominators were 5 times 5 equals 25.",3,LA,
815,602,*,3/5,1/2,3/5*1/2,3/10,25,9,2008,10,0,36,6,2,3,5,1,2,-99999,3,10,7875,13,0,8,1,1,,,,13328,602,0.3,0.3,1,3/5*1/2,3/10,"For trial 602, I got 3 over 10 because the numerators 3 times 1 equals 3 and the denominators 3 times, I mean 5 times 2 equals 10.",3,LA,
815,701,-,3/5,2/5,3/5-2/5,1/5,25,9,2008,10,18,25,7,2,3,5,2,5,-99999,1,5,17093,13,0,8,1,1,,,,15094,701,0.2,0.2,1,3/5-2/5,1/5,"I decided that in trial 701, in order to solve the subtraction fraction problem, I had to make sure that there were common denominators which there were so I took 3 fifths minus 2 fifths equals 1 fifth.",2,LA,
815,702,-,3/5,1/2,3/5-1/2,1/10,25,9,2008,10,17,32,7,1,3,5,1,2,-99999,1,10,33891,13,0,8,1,1,,,,18922,702,0.1,0.1,1,3/5-1/2,1/10,"I decided that in trial 702, in order to solve the subtraction fraction problem I had to find a common denominator and my common denominator was 10 and so the problem came out to be 6 tenths minus 5 tenths equals 1 tenth.",2,LA,
816,401,+,3/5,2/5,3/5+2/5,5/5,26,9,2008,8,7,36,4,2,3,5,2,5,-99999,5,5,21672,13,1,8,1,1,,,,6031,401,1,1,1,3/5+2/5,5/5,"For the fractions, I added the top numbers, kept the bottom numbers the same. Because if they're the same number, you keep it the same and then you add the top numbers. ",1,LA,
816,402,+,3/5,1/2,3/5+1/2,4/7,26,9,2008,8,7,9,4,1,3,5,1,2,-99999,4,7,15204,13,1,8,1,1,,,,11328,402,1.1,0.571428571,0,3/5+1/2,4/7,"For trial 402, I added the top numbers and the bottom numbers to come out with 4/7.",3,LA,
816,501,:,3/5,1/2,3/5:1/2,25/15,26,9,2008,8,10,0,5,2,3,5,1,2,-99999,25,15,76657,13,1,8,1,1,,,,19672,501,1.2,1.666666667,0,3/5:1/2,25/15,Trial 501. I put... I added... I divided the bottom number with the top number across and the top number with the bottom number across. And I got 2.5 over 1.5. ,6,LA,
816,502,:,3/5,2/5,3/5:2/5,1/1,26,9,2008,8,8,23,5,1,3,5,2,5,-99999,1,1,78344,13,1,8,1,1,,,,19265,502,1.5,1,0,3/5:2/5,1/1,Trial 502. I put 1.5 over 1. I divided the two top numbers and  divided the bottom numbers. 5 divided by 5 equals 1 and 3 divided 2 equals 1.5. ,3,LA,
816,601,*,3/5,2/5,3/5*2/5,10/15,26,9,2008,8,17,56,6,2,3,5,2,5,-99999,10,15,14562,13,1,8,1,1,,,,18328,601,0.24,0.666666667,0,3/5*2/5,10/15,"For trial 601, I got 10/15 because I mult the bottom... the top number by the bottom acorss and the bottom num by the top num across.",6,LA,
816,602,*,3/5,1/2,3/5*1/2,5/6,26,9,2008,8,17,16,6,1,3,5,1,2,-99999,5,6,17984,13,1,8,1,1,,,,21094,602,0.3,0.833333333,0,3/5*1/2,5/6,"For trial 602, I put 5.. I got 5/6 because I multiplied 3 times 2 and 5 times 1 which is 3's on the top and 2's on the bottom and 5's on the botom and 1's on the top.",6,LA,
816,701,-,3/5,2/5,3/5-2/5,1/5,26,9,2008,8,24,54,7,1,3,5,2,5,-99999,1,5,12844,13,1,8,1,1,,,,15578,701,0.2,0.2,1,3/5-2/5,1/5,"For trial 701, I put 1/5 because I I subtracted 3 minus 2 and kept the bottom number the same because theyr'e both 5 and 5.",1,LA,
816,702,-,3/5,1/2,3/5-1/2,2/10,26,9,2008,8,25,23,7,2,3,5,1,2,-99999,2,10,22219,13,1,8,1,1,,,,38141,702,0.1,0.2,0,3/5-1/2,2/10,"For trial 702, I put 2/10 because I subtracted 3 minus 1 and I multiplied 5 and 2 to get um to get 10 and it's one of it’s…mm…it's one of it's like things in the number line like if it's 5 it goes like like 5 and then like the next number is like 10...",3,LA,
817,401,+,3/5,2/5,3/5+2/5,5/10,1,10,2008,8,18,6,4,2,3,5,2,5,-99999,5,10,26625,13,0,8,1,1,,,,9750,401,1,0.5,0,3/5+2/5,5/10,Because 3 and 2 make 5 and 5 and 5 equal 10.,3,LA,
817,402,+,3/5,1/2,3/5+1/2,4/7,1,10,2008,8,17,37,4,1,3,5,1,2,-99999,4,7,16438,13,0,8,1,1,,,,12297,402,1.1,0.571428571,0,3/5+1/2,4/7,Because um I added 3 and 1 that makes 4. 5 and 2 makes 7.,3,LA,
817,501,:,3/5,1/2,3/5:1/2,2/7,1,10,2008,8,12,18,5,2,3,5,1,2,-99999,2,7,19047,13,0,8,1,1,,,,7765,501,1.2,0.285714286,0,3/5:1/2,2/7,I was pretty much like adding so. Trial 501.,3,LA,
817,502,:,3/5,2/5,3/5:2/5,4/10,1,10,2008,8,11,23,5,1,3,5,2,5,-99999,4,10,32125,13,0,8,1,1,,,,23313,502,1.5,0.4,0,3/5:2/5,4/10,"Since 2 and...since 3 and 2, I was trying to go over the orders 'cause I have no idea of that. I'm used to different things like this. And like 5 plus 5 equals 10. Trial 502.",3,LA,
817,601,*,3/5,2/5,3/5*2/5,5/25,1,10,2008,8,23,57,6,1,3,5,2,5,-99999,5,25,12406,13,0,8,1,1,,,,3157,601,0.24,0.2,0,3/5*2/5,5/25,Trial 601.,3,LA,
817,602,*,3/5,1/2,3/5*1/2,4/7,1,10,2008,8,24,12,6,2,3,5,1,2,-99999,4,7,16656,13,0,8,1,1,,,,3062,602,0.3,0.571428571,0,3/5*1/2,4/7,I did that because I was times-ing pretty much I think.,3,LA,
817,701,-,3/5,2/5,3/5-2/5,1,1,10,2008,8,24,59,7,2,3,5,2,5,1,-99999,-99999,25750,13,0,8,1,1,,,,8047,701,0.2,1,0,3/5-2/5,1,Since it would be zero. Trial 701.,3,LA,
817,702,-,3/5,1/2,3/5-1/2,2/3,1,10,2008,8,24,45,7,1,3,5,1,2,-99999,2,3,11344,13,0,8,1,1,,,,2781,702,0.1,0.666666667,0,3/5-1/2,2/3,I was subtracting. Trial 702.,3,LA,
818,401,+,3/5,2/5,3/5+2/5,1/2,30,9,2008,8,17,41,4,2,3,5,2,5,-99999,1,2,23672,14,1,8,1,1,,,,12531,401,1,0.5,0,3/5+2/5,1/2,"5 over 10. (mumbles) you can divide. 3 plus 2 is 5 and 5 plus 5 is 10. Then I divided 5 into 5 and I got 1 and I got, I divide 5 into 10 and got 2.",3,LA,
818,402,+,3/5,1/2,3/5+1/2,4/7,30,9,2008,8,17,24,4,1,3,5,1,2,-99999,4,7,10953,14,1,8,1,1,,,,6875,402,1.1,0.571428571,0,3/5+1/2,4/7,"I did 3 plus 1 is 4 and I did 5 plus 2 is 7, 4 over 7.",3,LA,
818,501,:,3/5,1/2,3/5:1/2,6/5,30,9,2008,8,6,1,5,1,3,5,1,2,-99999,6,5,48391,14,1,8,1,1,,,,20828,501,1.2,1.2,1,3/5:1/2,6/5,I did 3 times 2 is 6 and then I did 5 times 1 is 5 and then I put 6 over 5 and eigh…6 over 5.,6,LA,
818,502,:,3/5,2/5,3/5:2/5,3/2,30,9,2008,8,7,11,5,2,3,5,2,5,-99999,3,2,35047,14,1,8,1,1,,,,13953,502,1.5,1.5,1,3/5:2/5,3/2,Trial 502. I multiplied 5 times 3 is 15 and 5 times 2 is 10 and then I divided by 5.,6,LA,
818,601,*,3/5,2/5,3/5*2/5,2/3,30,9,2008,8,8,14,6,1,3,5,2,5,-99999,2,3,48156,14,1,8,1,1,,,,11531,601,0.24,0.666666667,0,3/5*2/5,2/3,"I did 5 times 3, 15. 5 times 2 is 10 and divided by 5 I got 2 over 3.",6,LA,
818,602,*,3/5,1/2,3/5*1/2,6/5,30,9,2008,8,9,13,6,2,3,5,1,2,-99999,6,5,13765,14,1,8,1,1,,,,2813,602,0.3,1.2,0,3/5*1/2,6/5,6 over 5. I think I'm going these right… uh. (Researcher: Do you think you know what you did there?) I think so.,6,LA,
818,701,-,3/5,2/5,3/5-2/5,1 1/1,30,9,2008,8,18,51,7,2,3,5,2,5,1,1,1,26641,14,1,8,1,1,,,,9328,701,0.2,2,0,3/5-2/5,1 1/1,3 minus 2 is 1 and 5 minus 5 is 0 but it would just be a plain old 1 so I just put 1.,3,LA,
818,702,-,3/5,1/2,3/5-1/2,2/3,30,9,2008,8,18,33,7,1,3,5,1,2,-99999,2,3,11719,14,1,8,1,1,,,,6484,702,0.1,0.666666667,0,3/5-1/2,2/3,3 minus 1 is 2. 3… and 3 minus 1 is 2 and 5 minus 2 is 3. For trial 207. ,3,LA,
820,401,+,3/5,2/5,3/5+2/5,1,30,9,2008,10,13,42,4,2,3,5,2,5,1,-99999,-99999,8328,13,1,8,1,1,,,,13328,401,1,1,1,3/5+2/5,1,"For trial 401, um 5 and 5 is in the denominator so I kept that the same but when I added uh si..or 3 and 2 were 5 and 5 over 5 would equal 1 so I pjust put 1.",1,LA,
820,402,+,3/5,1/2,3/5+1/2,1 1/10,30,9,2008,10,12,53,4,1,3,5,1,2,1,1,10,30922,13,1,8,1,1,,,,17953,402,1.1,1.1,1,3/5+1/2,1 1/10,"For trial 402, I found a common denominator for 5 and 2 which would be 10 so I made the denominator 10. When I added 5 and 6, I got 11/10 but since that is an improper fraction, I had to change it to a mixed number and I got 1 and 1/10",2,LA,
820,501,:,3/5,1/2,3/5:1/2,1/10,30,9,2008,10,11,44,5,1,3,5,1,2,-99999,1,10,28187,13,1,8,1,1,,,,11235,501,1.2,0.1,0,3/5:1/2,1/10,"For trial 501, I uh found a common denominator of 5 and 2 which would be 10 and got uh 6 divided 5 and that would be 1 so I put 1/10s.",2,LA,
820,502,:,3/5,2/5,3/5:2/5,1/5,30,9,2008,10,12,23,5,2,3,5,2,5,-99999,1,5,9766,13,1,8,1,1,,,,9875,502,1.5,0.2,0,3/5:2/5,1/5,"For trial 502, the denomonators were already the same so I didn’t have to do anything to those so I just brought that over as 5 and 2 can go into 3 one time so that would be 1/5.",1,LA,
820,601,*,3/5,2/5,3/5*2/5,6/25,30,9,2008,10,5,13,6,1,3,5,2,5,-99999,6,25,9422,13,1,8,1,1,,,,11281,601,0.24,0.24,1,3/5*2/5,6/25,"For trial 601, um, for multiplying I just cross multiplied. Multipled 3 by 2 to get 6, 5 times 5 to get 25.",3,LA,
820,602,*,3/5,1/2,3/5*1/2,3/10,30,9,2008,10,5,34,6,2,3,5,1,2,-99999,3,10,6188,13,1,8,1,1,,,,6218,602,0.3,0.3,1,3/5*1/2,3/10,"For trial 602, I multiplied 3 by 1 to get 3 and 5 by 2 to get 10.",3,LA,
820,701,-,3/5,2/5,3/5-2/5,1/5,30,9,2008,10,0,12,7,1,3,5,2,5,-99999,1,5,11703,13,1,8,1,1,,,,25079,701,0.2,0.2,1,3/5-2/5,1/5,"For trial 701, I subtracted 3 from 2 and got 1 and I just bourhg the denominator is 5 cause that s what the other 2 were.",1,LA,
820,702,-,3/5,1/2,3/5-1/2,1/10,30,9,2008,10,0,49,7,2,3,5,1,2,-99999,1,10,32125,13,1,8,1,1,,,,22625,702,0.1,0.1,1,3/5-1/2,1/10,"For trial 702, I found the common denominator which was 10 and because I multiplied the 5 by 2, I multiplied 3 by 2, got 6. And since I multiplied 2 by 5, I multiplied 1 by 5 and I subtracted 6 and 1 and got 1. And I just kept the denominator as 10.",2,LA,
821,401,+,3/5,2/5,3/5+2/5,1,26,9,2008,10,25,46,4,2,3,5,2,5,1,-99999,-99999,4625,13,1,8,1,1,,,,10859,401,1,1,1,3/5+2/5,1,"For trial 401, I saw that the denominators were the same so I added right across the top to get 5 out of 5 which equals 1.",1,LA,
821,402,+,3/5,1/2,3/5+1/2,1 1/10,26,9,2008,10,24,55,4,1,3,5,1,2,1,1,10,29047,13,1,8,1,1,,,,22250,402,1.1,1.1,1,3/5+1/2,1 1/10,"For trial 402, I made the least common denominator which would be 10. So I multiplied the first numerator by 2 to get 6 and the second numerator by 5 to get 5 and added across the top to get 11/10 and simplified to get 1 and 1/10.",2,LA,
821,501,:,3/5,1/2,3/5:1/2,1 1/5,26,9,2008,10,15,15,5,1,3,5,1,2,1,1,5,13828,13,1,8,1,1,,,,11437,501,1.2,1.2,1,3/5:1/2,1 1/5,"For trial 501, I made the...the 1/2 the reciprocal then multplied across the top and bottom to get 1 and 1/5.",5,LA,
821,502,:,3/5,2/5,3/5:2/5,1 1/2,26,9,2008,10,15,40,5,2,3,5,2,5,1,1,2,20641,13,1,8,1,1,,,,11640,502,1.5,1.5,1,3/5:2/5,1 1/2,"For trial 502, I made the 2/5 the reciprocal then multiplied the top to get 15 over 10 then reduced to get 1 and 1/2.",5,LA,
821,601,*,3/5,2/5,3/5*2/5,6/25,26,9,2008,10,13,37,6,2,3,5,2,5,-99999,6,25,9141,13,1,8,1,1,,,,9297,601,0.24,0.24,1,3/5*2/5,6/25,"For trial 601, I multiplied the numerators to get 6 and multiplied the denominators to get 25.",3,LA,
821,602,*,3/5,1/2,3/5*1/2,3/10,26,9,2008,10,12,33,6,1,3,5,1,2,-99999,3,10,50469,13,1,8,1,1,,,,13672,602,0.3,0.3,1,3/5*1/2,3/10,"For trial 602, I multiplied across the top to get 3 and multiplied the denominators to get 10.",3,LA,
821,701,-,3/5,2/5,3/5-2/5,1/5,26,9,2008,10,14,44,7,2,3,5,2,5,-99999,1,5,8906,13,1,8,1,1,,,,8125,701,0.2,0.2,1,3/5-2/5,1/5,"For trial 701, since the denominators were equal, I just subtracted across the top to get 1.",1,LA,
821,702,-,3/5,1/2,3/5-1/2,1/10,26,9,2008,10,14,14,7,1,3,5,1,2,-99999,1,10,16109,13,1,8,1,1,,,,13516,702,0.1,0.1,1,3/5-1/2,1/10,"For trial 702, I made the... I made like denominators and equaled out the numerators and subtracted the fractions.",2,LA,
823,401,+,3/5,2/5,3/5+2/5,1 1/5,3,10,2008,9,58,34,4,2,3,5,2,5,1,1,5,27047,13,1,8,1,1,,,,18656,401,1,1.2,0,3/5+2/5,1 1/5,"For trial 401, I added 3 and 2 top num…numer.. And I added and got 6/5 and I changed it to a mixed number and got 1 and 1/5.",1,LA,
823,402,+,3/5,1/2,3/5+1/2,1 1/10,3,10,2008,9,57,15,4,1,3,5,1,2,1,1,10,48625,13,1,8,1,1,,,,30407,402,1.1,1.1,1,3/5+1/2,1 1/10,"For trial 402, I first changed 3/5 to 6/10 cause I had to find the least common denominator and I changed 1/2 to 5/10 and I added and got 11/10 and then I changed it to a mixed number, 1 and 1/10.",2,LA,
823,501,:,3/5,1/2,3/5:1/2,1 1/5,3,10,2008,10,19,30,5,1,3,5,1,2,1,1,5,25844,13,1,8,1,1,,,,26797,501,1.2,1.2,1,3/5:1/2,1 1/5,"For trial 501, I first... I first wrote the problem down then I found the reciprocal for the second number. It was 2, one… 2 and...2, 1. I then multiplied 3/5 times 2, 1. And I got 6/5. I then changed 6/5 to 1 and 1/5 as a mixed number.",5,LA,
823,502,:,3/5,2/5,3/5:2/5,1 5/10,3,10,2008,10,20,23,5,2,3,5,2,5,1,5,10,31937,13,1,8,1,1,,,,24781,502,1.5,1.5,1,3/5:2/5,1 5/10,"For trial 502, I found, I first wrote the problem down, 3/5 divided by 2/5. I then changed 2/5 to its reciprocal which is 5... 5... 5/2. Then I multiplied 3/5 and 5/2 and got 15/10. I then changed 15/10 to a mixed number and it was 1 and 5/10.",5,LA,
823,601,*,3/5,2/5,3/5*2/5,6/25,3,10,2008,10,11,11,6,2,3,5,2,5,-99999,6,25,35281,13,1,8,1,1,,,,17266,601,0.24,0.24,1,3/5*2/5,6/25,"For trial 601, I multiplied the numerators across which would be 3 times 2 and got 6 and multiplied the 5, the num.. Or the denominators across which would be 5 times 5 and got 25.",3,LA,
823,602,*,3/5,1/2,3/5*1/2,3/10,3,10,2008,10,10,37,6,1,3,5,1,2,-99999,3,10,14953,13,1,8,1,1,,,,19562,602,0.3,0.3,1,3/5*1/2,3/10,"For trial 602, I got, I multiplied the numerators across which would 3 times 2, or 3 times 1 and got 3. And then I multiplied the denominators across and multiplied 5 times 2 and got 10.",3,LA,
823,701,-,3/5,2/5,3/5-2/5,1/5,3,10,2008,10,12,24,7,1,3,5,2,5,-99999,1,5,17391,13,1,8,1,1,,,,26609,701,0.2,0.2,1,3/5-2/5,1/5,"For trial 701, I subtracted the denominators, or the numerators across which would be 3 minus 5 and got 1 and I kept the denominator the same cause they're... they were both 5 and 5. And in a subtraction, I mean when you're subtracting fractions you keep the denominator the same.",1,LA,
823,702,-,3/5,1/2,3/5-1/2,1/10,3,10,2008,10,13,8,7,2,3,5,1,2,-99999,1,10,21375,13,1,8,1,1,,,,41375,702,0.1,0.1,1,3/5-1/2,1/10,"For trial 702, I subtracted, or first I got a least common denominator which would be 10 and 10 for both sides then I multiplied... multiplied how I got to 10 which would fi… 3 times 2 in the numerators for 3/5 which would make it 6/10 and if I did the same for the second fraction I would get 5/10. I then subtracted both numerators and got 1 and I kept the denominator the same.",2,LA,
824,401,+,3/5,2/5,3/5+2/5,1,29,9,2008,11,18,56,4,1,3,5,2,5,1,-99999,-99999,16281,12,1,8,4,2,1548,1588,,11188,401,1,1,1,3/5+2/5,1,"I just added across and since um it, the fraction is 3/5 plus 2/5, um it would equal 5/5 so it would equaled to be 1. ",1,LA,did not say trial numbers.
824,402,+,3/5,1/2,3/5+1/2,1 1/10,29,9,2008,11,19,24,4,2,3,5,1,2,1,1,10,21265,12,1,8,4,2,1548,1588,,7000,402,1.1,1.1,1,3/5+1/2,1 1/10,I just found the least common denominator and um and got 6.. Or 6/10 plus 5/10 and that would equal 11/10 and that's an improper fraction. So I put it into a mixed number by um so it would be 1 and 1/10.,2,LA,
824,501,:,3/5,1/2,3/5:1/2,12,29,9,2008,11,15,34,5,1,3,5,1,2,12,-99999,-99999,123329,12,1,8,4,2,1548,1588,,6000,501,1.2,12,0,3/5:1/2,12,"What should I say 'cause I didn't really know how to do it...I just, I wasn't really sure what to do. And I umm, I gues… I found the least.. The least common denominator but that's like subraction so.",2,LA,
824,502,:,3/5,2/5,3/5:2/5,15,29,9,2008,11,17,44,5,2,3,5,2,5,15,-99999,-99999,52296,12,1,8,4,2,1548,1588,,6313,502,1.5,15,0,3/5:2/5,15,I just kind of guessed…,10,LA,
824,601,*,3/5,2/5,3/5*2/5,6/10,29,9,2008,11,14,4,6,1,3,5,2,5,-99999,6,10,25250,12,1,8,4,2,1548,1588,,6109,601,0.24,0.6,0,3/5*2/5,6/10,I just multiplied across 3 times 2 and 5 times 5. ,3,LA,
824,602,*,3/5,1/2,3/5*1/2,30/100,29,9,2008,11,14,36,6,2,3,5,1,2,-99999,30,100,33407,12,1,8,4,2,1548,1588,,6968,602,0.3,0.3,1,3/5*1/2,30/100,I just multiplied across 3 times 1 and 5 times 2. ,3,LA,
824,701,-,3/5,2/5,3/5-2/5,1/5,29,9,2008,11,25,43,7,1,3,5,2,5,-99999,1,5,9578,12,1,8,4,2,1548,1588,,6781,701,0.2,0.2,1,3/5-2/5,1/5,The fractions were... had the same denominator so I just subtracted across. ,1,LA,
824,702,-,3/5,1/2,3/5-1/2,1/10,29,9,2008,11,26,0,7,2,3,5,1,2,-99999,1,10,19203,12,1,8,4,2,1548,1588,,12391,702,0.1,0.1,1,3/5-1/2,1/10,I found the least common denominator and um subtracted across.,2,LA,
826,401,+,3/5,2/5,3/5+2/5,1,7,10,2008,10,49,47,4,1,3,5,2,5,1,-99999,-99999,15453,13,0,8,1,1,1692,1516,,10453,401,1,1,1,3/5+2/5,1,They have the same denominator so you just keep it. And then you add the 3 and the 2 which equals 5 so that equals out to 1. ,1,LA,did not say trial numbers.
826,402,+,3/5,1/2,3/5+1/2,1 1/10,7,10,2008,10,50,13,4,2,3,5,1,2,1,1,10,42078,13,0,8,1,1,1692,1516,,24578,402,1.1,1.1,1,3/5+1/2,1 1/10,They do not have the same den so I had to find a comm den which was 10. So then to get the num to change you mult it by the other number so 5 times 2 equals 6 and then and then 5 times 1 is 5 so then I got 11/10 so then I had to reduce it to 1 and  1/10.,2,LA,
826,501,:,3/5,1/2,3/5:1/2,1 3/4,7,10,2008,10,54,0,5,2,3,5,1,2,1,3,4,74813,13,0,8,1,1,1692,1516,,22656,501,1.2,1.75,0,3/5:1/2,1 3/4,Ok. For this one I had to make the denominator equal so I divided and made both 2/5th's. And then divided the 3 and then the 1 and got 3 so then I had to divide and I chan… and then it was a decimal so I had to convert it into a fraction and got 1 and 3/4.,2,LA,
826,502,:,3/5,2/5,3/5:2/5,1 1/2,7,10,2008,10,52,44,5,1,3,5,2,5,1,1,2,74578,13,0,8,1,1,1692,1516,,968,502,1.5,1.5,1,3/5:2/5,1 1/2,Ok. This one had a same denominator so all I did was divide 3 and 2 and I got 1.5 so I just converted that into a fraction and got 1 and 1/2.,3,LA,
826,601,*,3/5,2/5,3/5*2/5,6/25,7,10,2008,10,43,10,6,2,3,5,2,5,-99999,6,25,8203,13,0,8,1,1,1692,1516,,7407,601,0.24,0.24,1,3/5*2/5,6/25,I just multiplied 3 times 2 and got 6 and multiplied 5 times 5 and got 25.,3,LA,
826,602,*,3/5,1/2,3/5*1/2,3/10,7,10,2008,10,42,31,6,1,3,5,1,2,-99999,3,10,19281,13,0,8,1,1,1692,1516,,20016,602,0.3,0.3,1,3/5*1/2,3/10,"Ok. For this one, for multiplying fractions you always just multiply across. You take both the numerators and you get your numerator and you take both the denominators you get your denominator. So for this case, 3 times 1 is 3 and 5 times 2 is 10.",3,LA,
826,701,-,3/5,2/5,3/5-2/5,1/5,7,10,2008,10,52,11,7,2,3,5,2,5,-99999,1,5,9422,13,0,8,1,1,1692,1516,,10563,701,0.2,0.2,1,3/5-2/5,1/5,This one already had a same den so I just subtracted and kept the same denom. 3 minus 2 equals 1 soI got 1/5.,1,LA,
826,702,-,3/5,1/2,3/5-1/2,1/10,7,10,2008,10,51,33,7,1,3,5,1,2,-99999,1,10,17375,13,0,8,1,1,1692,1516,,20672,702,0.1,0.1,1,3/5-1/2,1/10,"Ok. For this one again I had to find a common denominator which was 10 so then I multiplied 3 times 2 and got 6 and 5 times 1 and got 5 and then I subtracted 6 tim…um, subtracted by 1 I mean 5 and then I got 1/10",2,LA,
827,401,+,3/5,2/5,3/5+2/5,5/10,7,10,2008,24,14,26,4,2,3,5,2,5,-99999,5,10,20000,13,0,8,1,1,983,1045,,26328,401,1,0.5,0,3/5+2/5,5/10,"Um I just added again. The num... the 2 numerators and now, now that I realize I remember from class that the denominator always stays the same especially in this problem because it has the same ones. But usually it would be the higher denominator or you would add them.",3,LA,did not say trial numbers.
827,402,+,3/5,1/2,3/5+1/2,4/7,7,10,2008,24,14,2,4,1,3,5,1,2,-99999,4,7,12547,13,0,8,1,1,983,1045,,11453,402,1.1,0.571428571,0,3/5+1/2,4/7,I just added 3 plus 1 and got the answer of 4. and then I went to the den and added 5 plus 2.,3,LA,
827,501,:,3/5,1/2,3/5:1/2,3/5,7,10,2008,24,20,30,5,1,3,5,1,2,-99999,3,5,19843,13,0,8,1,1,983,1045,,11985,501,1.2,0.6,0,3/5:1/2,3/5,Um I couldn’t really find the bottom one because it would be a decimal as I think because there's nothing you could multiply 2 by to get to 5. ,20,LA,
827,502,:,3/5,2/5,3/5:2/5,2/5,7,10,2008,24,21,2,5,2,3,5,2,5,-99999,2,5,24407,13,0,8,1,1,983,1045,,8562,502,1.5,0.4,0,3/5:2/5,2/5,All I did here was kept the denominator the same and pretty much don't really know what I did with the numerator because I didn't know the answer.,10,LA,
827,601,*,3/5,2/5,3/5*2/5,6/5,7,10,2008,24,19,21,6,1,3,5,2,5,-99999,6,5,15782,13,0,8,1,1,983,1045,,20234,601,0.24,1.2,0,3/5*2/5,6/5,So 3 times 2 is 6 and then it would be 5. All I did was multiply 3 times 2 which is 2 and I didn't multiply anything with the den…with the denominator. Um I'm not... I can't really remember if you keep the denominator the same. I think you do unless there's 2 different numbers.,1,LA,
827,602,*,3/5,1/2,3/5*1/2,3/10,7,10,2008,24,19,57,6,2,3,5,1,2,-99999,3,10,19937,13,0,8,1,1,983,1045,,2204,602,0.3,0.3,1,3/5*1/2,3/10,For this one you would... I think I'm right but you would multiply it just because of the fact that there's 2 different numbers. ,3,LA,
827,701,-,3/5,2/5,3/5-2/5,1,7,10,2008,24,8,58,7,2,3,5,2,5,1,-99999,-99999,31453,13,0,8,1,1,983,1045,,16516,701,0.2,1,0,3/5-2/5,1,What I normally wanted to do was 3 minus…3 minus 2 equals 1 but now that I realize that it would be a whole number because there was a zero so you would just make the numerator a one number. ,3,LA,
827,702,-,3/5,1/2,3/5-1/2,2/3,7,10,2008,24,8,14,7,1,3,5,1,2,-99999,2,3,27922,13,0,8,1,1,983,1045,,15171,702,0.1,0.666666667,0,3/5-1/2,2/3,"What I did here was knowing that it was subtraction, I mult….or um subtracted 3 minus 1 and got the answer of 2 and for the denominator I subtracted 5 minus 2 and got the answer of 3. ",3,LA,
828,401,+,3/5,2/5,3/5+2/5,5/10,9,10,2008,24,29,42,4,2,3,5,2,5,-99999,5,10,8532,14,0,8,1,1,1282,1082,,12937,401,1,0.5,0,3/5+2/5,5/10,"For trial 401, 3 plus 2 equals 5 and 5 plus 5 equals 10 giving you 5 over 10.",3,LA,
828,402,+,3/5,1/2,3/5+1/2,4/7,9,10,2008,24,29,19,4,1,3,5,1,2,-99999,4,7,10594,14,0,8,1,1,1282,1082,,11937,402,1.1,0.571428571,0,3/5+1/2,4/7,"For trial 402, I got the answer 4 over… 4/7 because 3 plus 1 equals 4 and 5 plus 2 equals 7.",3,LA,
828,501,:,3/5,1/2,3/5:1/2,1/19,9,10,2008,24,31,30,5,1,3,5,1,2,-99999,1,19,63265,14,0,8,1,1,1282,1082,,18625,501,1.2,0.052631579,0,3/5:1/2,1/19,Trial 501. I don't know how to do this in my head but if I had a calculator I would divide 3 divided by 1 and 5 divided by 2 and I would get the answer.,3,LA,
828,502,:,3/5,2/5,3/5:2/5,65/4,9,10,2008,24,32,52,5,2,3,5,2,5,-99999,65,4,8828,14,0,8,1,1,1282,1082,,11766,502,1.5,16.25,0,3/5:2/5,65/4,"Trial 502. If I had a calculator, I would do 3 divided by 2 and 5 divided by 5.",3,LA,
828,601,*,3/5,2/5,3/5*2/5,6/25,9,10,2008,24,23,42,6,2,3,5,2,5,-99999,6,25,16703,14,0,8,1,1,1282,1082,,13469,601,0.24,0.24,1,3/5*2/5,6/25,"For trial 601, I gave the answer 6 over 25 because 3 times 2 equals 6 and 5 times 5 equals 25. ",3,LA,
828,602,*,3/5,1/2,3/5*1/2,3/10,9,10,2008,24,23,7,6,1,3,5,1,2,-99999,3,10,18453,14,0,8,1,1,1282,1082,,17391,602,0.3,0.3,1,3/5*1/2,3/10,"For trial 602, I gave the answer 3 over 10 because um 3 times 3 equals 3 and 5 times 2 equals 10.",3,LA,
828,701,-,3/5,2/5,3/5-2/5,1,9,10,2008,24,30,37,7,2,3,5,2,5,1,-99999,-99999,25016,14,0,8,1,1,1282,1082,,16109,701,0.2,1,0,3/5-2/5,1,"Trial 701. I got the answer 1 because 3 plus 2, I mean 3 minus 2 equals 1 and 5 minus 5 equsl 0.",3,LA,
828,702,-,3/5,1/2,3/5-1/2,4/3,9,10,2008,24,30,13,7,1,3,5,1,2,-99999,4,3,7562,14,0,8,1,1,1282,1082,,15657,702,0.1,1.333333333,0,3/5-1/2,4/3,"Trial 702. I got the asnwer 4/3 because 3 minus 1 equals 5 and 5 plus 2, I mean 5 minus 2 equals 3.",3,LA,
829,401,+,3/5,2/5,3/5+2/5,1,9,10,2008,8,34,32,4,1,3,5,2,5,1,-99999,-99999,8406,13,0,8,3,1,1579,1484,,11672,401,1,1,1,3/5+2/5,1,"I tink it's one becauase uh 3/5 plus 2/5, they have a common denominator and if you add 3 to 2 and it equals 5/5 which equals 1.",1,LA,Did not say trial numbers.
829,402,+,3/5,1/2,3/5+1/2,11/10,9,10,2008,8,34,52,4,2,3,5,1,2,-99999,11,10,33391,13,0,8,3,1,1579,1484,,28953,402,1.1,1.1,1,3/5+1/2,11/10,"I think this is 11 over 10 because if you make 3/5 um and one-ha..and one half a common denominators, it would be ss-six, oh wait, 6 over 10 and 5 over 10. So if you add across, 6 plus 5 and if you add the numerators across it's 11/10.  Which equals 1 and 1/10. ",2,LA,
829,501,:,3/5,1/2,3/5:1/2,6/5,9,10,2008,8,32,40,5,1,3,5,1,2,-99999,6,5,30297,13,0,8,3,1,1579,1484,,30110,501,1.2,1.2,1,3/5:1/2,6/5,"I think it's 6 and 5... 6/5 because um if you divide 3/5 by 1/2 you (mumbling) you can switch 1 the 1/2 the numerator with the dmerator and then you can just multiply across like regular multiplication, 3 times 1..yeah 3 times 2 and then um 5 times 1 which equals 6/5.",5,LA,
829,502,:,3/5,2/5,3/5:2/5,15/10,9,10,2008,8,33,40,5,2,3,5,2,5,-99999,15,10,18016,13,0,8,3,1,1579,1484,,16375,502,1.5,1.5,1,3/5:2/5,15/10,"I think it's 15 over 10 because uh if you switch 2/5, um the denominator and numerator around, and then you just multiply across it would be 3 times 5 equals 15 and 5 times 2 equals 10.",5,LA,
829,601,*,3/5,2/5,3/5*2/5,6/25,9,10,2008,8,37,43,6,2,3,5,2,5,-99999,6,25,16516,13,0,8,3,1,1579,1484,,9531,601,0.24,0.24,1,3/5*2/5,6/25,"I think it's 6 over 25 because uh you just multiply across which equals 3 times 2 equals 6 and 5 times 5 equals 25. Yeah, you just multiply across.",3,LA,
829,602,*,3/5,1/2,3/5*1/2,3/10,9,10,2008,8,37,21,6,1,3,5,1,2,-99999,3,10,10500,13,0,8,3,1,1579,1484,,12125,602,0.3,0.3,1,3/5*1/2,3/10,Um I think it's 3/10 because when you multiply fractions you just multiply across which would be 3 times 1 equals 3 and 5 times 2 equals 10.,3,LA,
829,701,-,3/5,2/5,3/5-2/5,1/5,9,10,2008,8,36,54,7,2,3,5,2,5,-99999,1,5,6688,13,0,8,3,1,1579,1484,,11468,701,0.2,0.2,1,3/5-2/5,1/5,This would equal 1/5 because they're common denominators and you can just subtract the nom…numerators which would be 3 minus 2 equals 1.,1,LA,
829,702,-,3/5,1/2,3/5-1/2,1/10,9,10,2008,8,36,4,7,1,3,5,1,2,-99999,1,10,35594,13,0,8,3,1,1579,1484,,14375,702,0.1,0.1,1,3/5-1/2,1/10,"K. I think it's 1 over 10 because if you make them common denominators, 3/5 would equals 6/10 and 1/2 would equal 5/10. And if you subtract 6 minus 5, it equals 1 over 10. ",2,LA,
830,401,+,3/5,2/5,3/5+2/5,1,9,10,2008,9,17,7,4,2,3,5,2,5,1,-99999,-99999,13109,13,0,8,1,1,1579,1339,,7563,401,1,1,1,3/5+2/5,1,And then I did that one because 3 plus 2 is 5 and they have the same denominator so that’s like… it would be 5/5 which is a whole. ,1,LA,Did not say trial numbers.
830,402,+,3/5,1/2,3/5+1/2,4/10,9,10,2008,9,16,38,4,1,3,5,1,2,-99999,4,10,18547,13,0,8,1,1,1579,1339,,11000,402,1.1,0.4,0,3/5+1/2,4/10,"I don't know, for that one I just wasn't sure. 'Cause I forget like how to do the denominators when they're different. So I just did like 5 times 10. I can't remember, I don't think it's like adding. But I don't know. Wait would I put like…if that's like 1 whole would I put the 1 there or there? Oh ok. Oh . ",2,LA,
830,501,:,3/5,1/2,3/5:1/2,6/5,9,10,2008,9,17,38,5,1,3,5,1,2,-99999,6,5,27719,13,0,8,1,1,1579,1339,,10687,501,1.2,1.2,1,3/5:1/2,6/5,I don't know I wasn't sure on that one 'cause…'cause like um.. I don’t know I remember there was like something with dividing and multiplying with I don't know. So I just multiplied them like diagonally.  ,6,LA,
830,502,:,3/5,2/5,3/5:2/5,6/25,9,10,2008,9,18,17,5,2,3,5,2,5,-99999,6,25,13485,13,0,8,1,1,1579,1339,,12640,502,1.5,0.24,0,3/5:2/5,6/25,And then that one I just like mltiplied over 'cause I can't remember 'cause there's like either like we like (laugh) divided when we multiply or mulitply when we divided. Or something… I think. I don't know. (laughs),3,LA,
830,601,*,3/5,2/5,3/5*2/5,6/5,9,10,2008,9,22,20,6,1,3,5,2,5,-99999,6,5,8296,13,0,8,1,1,1579,1339,,7329,601,0.24,1.2,0,3/5*2/5,6/5,And then I think that one's just 6/5 because they both have the same denominator and like can't remember if you like multiply the denominators or not,1,LA,
830,602,*,3/5,1/2,3/5*1/2,3/10,9,10,2008,9,22,36,6,2,3,5,1,2,-99999,3,10,10703,13,0,8,1,1,1579,1339,,1563,602,0.3,0.3,1,3/5*1/2,3/10,And then that one's 3… I don't know if that would be 3/10s or… I don't know. ,3,LA,
830,701,-,3/5,2/5,3/5-2/5,1/5,9,10,2008,9,9,48,7,1,3,5,2,5,-99999,1,5,7859,13,0,8,1,1,1579,1339,,12969,701,0.2,0.2,1,3/5-2/5,1/5,"Wait, do I just like say it ? Um okay. I just did like 3 minus 2 is 1 and then you just like use the same denominator so. What if I forget what to do if they like have two different denominators.",1,LA,
830,702,-,3/5,1/2,3/5-1/2,2/3,9,10,2008,9,10,9,7,2,3,5,1,2,-99999,2,3,23156,13,0,8,1,1,1579,1339,,14422,702,0.1,0.666666667,0,3/5-1/2,2/3,"Um, I just did 3 minus 2 is 2 and I didn't know how to do that part so I just did 5 minus 2. That was trial 702. ",3,LA,
831,401,+,3/5,2/5,3/5+2/5,1 1/5,17,10,2008,8,21,40,4,2,3,5,2,5,1,1,5,17078,13,1,8,1,1,,,,12953,401,1,1.2,0,3/5+2/5,1 1/5,"For trial 401, I got 1 and 1 /5 because the denominoators are already the same and 3 plus 2 equals 6 which would be 6 over 5 which is the same as 1 and 1/5. ",1,LA,
831,402,+,3/5,1/2,3/5+1/2,1 1/10,17,10,2008,8,20,41,4,1,3,5,1,2,1,1,10,44813,13,1,8,1,1,,,,14531,402,1.1,1.1,1,3/5+1/2,1 1/10,"For trial 402, I got the least common denominator of 10 and the numerators were 6 and 5 and 6 plus 5 equals 11 over 10 which equals out to be 1 and 1/10.",2,LA,
831,501,:,3/5,1/2,3/5:1/2,1 1/5,17,10,2008,8,23,53,5,1,3,5,1,2,1,1,5,37735,13,1,8,1,1,,,,14859,501,1.2,1.2,1,3/5:1/2,1 1/5,"For trial 501, I got 1 and 1/5 because for division you change the second number to its reciprocal which is 2 over 1 and then 3 times 2 equals 6 and 5 times 1 equals 5 which is the same as 1 and 1/5. ",5,LA,
831,502,:,3/5,2/5,3/5:2/5,1 1/2,17,10,2008,8,24,46,5,2,3,5,2,5,1,1,2,23875,13,1,8,1,1,,,,18250,502,1.5,1.5,1,3/5:2/5,1 1/2,"For trial 502, I got 1 and 1/2 because um whenever you change the second number to its reciprocal you get 5 over 2 and 3/5 and then the 5s cancel out so you get 1 and 3 times 1 equals 3 and then 1 times 2 equals 2 which is the same as 1 and 1/2. ",5,LA,
831,601,*,3/5,2/5,3/5*2/5,6/25,17,10,2008,8,10,59,6,2,3,5,2,5,-99999,6,25,20922,13,1,8,1,1,,,,11719,601,0.24,0.24,1,3/5*2/5,6/25,"Ok. For trial 601, I... my answer was 6 over 25 because 3 times 2 equals 6 for the numerator and 5 times 5 is 25 for the denominator. ",3,LA,
831,602,*,3/5,1/2,3/5*1/2,3/10,17,10,2008,8,10,19,6,1,3,5,1,2,-99999,3,10,33860,13,1,8,1,1,,,,5687,602,0.3,0.3,1,3/5*1/2,3/10,"Um, as my answer I got 3 over 10 because 3 times 1 equals 3 and 5 times 2 equals 10 and 5 times 2 is the denominator which ould be 10 and 3 times 1 is 3 which be the uh numerator. That was trial 602.",3,LA,
831,701,-,3/5,2/5,3/5-2/5,1/5,17,10,2008,8,23,6,7,2,3,5,2,5,-99999,1,5,8765,13,1,8,1,1,,,,11360,701,0.2,0.2,1,3/5-2/5,1/5,"For trial 701, I got 1/5 because 3 minus 2 equals 1 and the denominators are already the same so just bring it over and you get 1/5. ",1,LA,
831,702,-,3/5,1/2,3/5-1/2,1/10,17,10,2008,8,22,20,7,1,3,5,1,2,-99999,1,10,31234,13,1,8,1,1,,,,14219,702,0.1,0.1,1,3/5-1/2,1/10,"For trial 702, the least common denominator is 10 and then for the numerators I got 6 and 5. 6 minus 5 is 1 which is 1/10. ",2,LA,
832,401,+,3/5,2/5,3/5+2/5,5/5,17,10,2008,10,10,50,4,1,3,5,2,5,-99999,5,5,8250,13,0,8,1,1,,,,17593,401,1,1,1,3/5+2/5,5/5,"For trial 401, I added the numerators- 3 plus 2 is 5 and then the denominators were already the same so you didn't need a common denominator. It just stayed 5. So 5 over 5 was 1. ",1,LA,
832,402,+,3/5,1/2,3/5+1/2,5/5,17,10,2008,10,11,16,4,2,3,5,1,2,-99999,5,5,52516,13,0,8,1,1,,,,61015,402,1.1,1,0,3/5+1/2,5/5,"For trial 402, I had to get…wow I did that wrong. Um I should've got a common denominator of 10 so I would've done 5 times 2 is 10 and 3 times 2 is 6 plus 2 times 5 is 10 and 1 times 5 is 5. So it would've been…oh I forget what I did. Oh 3 over 5 plus 2 over 5 is 5 over 5. ",20,LA,
832,501,:,3/5,1/2,3/5:1/2,1 1/5,17,10,2008,10,20,47,5,2,3,5,1,2,1,1,5,24329,13,0,8,1,1,,,,20656,501,1.2,1.2,1,3/5:1/2,1 1/5,"For trial 501, I did um 3/5 times 2 over 1 equals 6 over 5. And made it into a mixed number which was 1 and 1/5. ",5,LA,
832,502,:,3/5,2/5,3/5:2/5,1 1/2,17,10,2008,10,19,35,5,1,3,5,2,5,1,1,2,44578,13,0,8,1,1,,,,27281,502,1.5,1.5,1,3/5:2/5,1 1/2,"For trial 502, um, I got the reciprocal for 5 over 2 and did 3 over 5 times 5 over 2. And got 15 over 10 and then made it into uh a mixed number and got 1 and 1/2. ",5,LA,
832,601,*,3/5,2/5,3/5*2/5,6/25,17,10,2008,10,5,21,6,2,3,5,2,5,-99999,6,25,14031,13,0,8,1,1,,,,13922,601,0.24,0.24,1,3/5*2/5,6/25,"For trial 601, I did 3 times 2 is 6 for the numerator and 5 times 5 is 25 for the denominator. And that was the answer. ",3,LA,
832,602,*,3/5,1/2,3/5*1/2,3/10,17,10,2008,10,4,45,6,1,3,5,1,2,-99999,3,10,9562,13,0,8,1,1,,,,26641,602,0.3,0.3,1,3/5*1/2,3/10,"For trial 602, I just multiplied across. 3 times 1 is 3 for the numerator and 5 times 2 is 10 as the denominator. And that was my answer. ",3,LA,
832,701,-,3/5,2/5,3/5-2/5,1/5,17,10,2008,10,22,26,7,2,3,5,2,5,-99999,1,5,10000,13,0,8,1,1,,,,8954,701,0.2,0.2,1,3/5-2/5,1/5,"For trial 701, I did 3/5 minus 2/5 and got 1/5. ",1,LA,
832,702,-,3/5,1/2,3/5-1/2,1/10,17,10,2008,10,21,44,7,1,3,5,1,2,-99999,1,10,19797,13,0,8,1,1,,,,21921,702,0.1,0.1,1,3/5-1/2,1/10,"For trial 702, I had to get a common denominator to subtract the fractions. And I found that it was 10 so I did 6 over 10 minus um 5 over 10and got 1 over 10. ",2,LA,
